Baptist Church	浸信會基督教更生團體之一，強調施行浸禮的重要性。又稱 Baptists 。 
the Counter-Reformation	天主教復興；反宗教改革自 1545 年特倫多大公會議(Council of Trent)後一百年間，天主教內之各種復興運動，是受到十六世紀路德派、加爾文派、英國國教 … 與天主教分庭抗禮之刺激。 
human law	人律；人的法律指由人所訂的行為的規範－包括教會和政府所頒佈的法條。 
Our Lady of Guadalupe	瓜達露北聖母 1531 年聖母在墨西哥瓜達露北，顯現給印地安人若望．狄埃高(Juan Diego)，言明自己是基督的母親，也希望在原地建一聖殿；不久聖殿即建造完成，成為著名朝聖地，曆久不衰。為墨西哥及美洲的主保，慶日在十二月十二日。 
dogmatic theology	教理神學；信理神學；教義神學列舉有關天主的各種信理之神學。 
minor superior	地方上司（長上）職掌修會會省以下會務者。 
lax conscience	散漫良心；馬虎良心；粗心。 
Roman (Catholic) Church	羅馬天主教會。詳見 Roman Catholic 及 Church, Catholic 。 
ecclesiastical superior	神長職掌教會團體事務的聖職人員，通常也稱上司或長上。 
private vow	私願；私人誓願個人私下向天主所許諾的誓願（約）。與公願相對照。 
private or domestic oratory	私用小聖堂按教會法，僅為私人或一家庭所設立之小教堂。譬如天主教國家之元首即可擁有此種小聖堂。詳見 church 。 
spiritual exercise	 (1) 靈修功夫；熱心神工；神業。 (2) 退省；避靜；神操。 
Church history	教會歷史指天國在今世的歷史，天主教自成立以來，常在逆境和迫害中成長。可分為四階段 (1) 從基督降生至西元 680 年，是古代基督宗教時代。 (2) 從 680 年至 1500 年，除東正教分出外，中世紀西方基督宗教仍屬同一領袖－教宗。 (3) 從 1500 年至 1870 年，西方基督宗教面臨改革和分裂，然而在美洲、亞洲、非洲卻如雨後春筍，欣欣向榮。 (4) 從 1870 年至今，面臨新的時代和考驗，尤其在梵二大公會議後，更不斷檢討改進，迎向新的挑戰。 
the Precursor	基督先驅指聖若翰洗者 John the Baptist （路一 17，76)，他是耶穌的開路先鋒，教人悔過自新，準備救世主的來臨（參閱瑪三 1-17)。 
Blessed Virgin of the Rosary	聖母玫瑰節；玫瑰聖母節慶節日在 十月七日 。 
mystical union	神秘結合靈魂與天主的密切結合，是天主賜與的特殊恩惠。 
heroic virtue	英勇（豪）之德；超凡之德非一般凡夫俗子所能表現出的德行。 
funeral Mass	安葬彌撒；殯葬彌撒。同 funeral 或 exequial Mass 。 
Act of Reparation to the Sacred Heart	向耶穌聖心贖罪（頌）敬禮。 
evangelical counsel	福音勸諭拉丁文稱作　 consilia evangelica ，意指基督于福音聖訓中，除命令世人嚴格遵守十誡(precepts)外，也奉勸世人更上一層樓，修煉貧窮、貞潔、服從三美德。而男女會士響應耶穌的此一號召，以貧窮（神貧）、貞潔、服從三誓願的方式，跟隨耶穌虔度獻身生活。 
charismatic renewal	神恩復興運動。 
Council of Ephesus	厄弗所大公會議舉行於 431 年，會中宣佈聖母得稱為天主之母。 
Holy Trinity	三位一體；天主聖三即聖父、聖子、聖神（靈）。唯一的天主，卻有三位。天主聖三奧跡包括愛的給予〔陽〕、愛的接受〔陰〕、愛的合一〔合〕。又稱 Blessed Trinity 。 
third order	第三會有些在俗善會（教友）成員，分享某修會之精神，並在該會高級上司指導下，度使徒生活，此種社團稱為第三會，或其他名稱（法典 303)。 
the Maryknoll Sisters	瑪利諾會修女以外方傳教為職志的道明修女會，母院設在美國紐約的瑪利諾。透過教育、醫療、福利等途徑從事福傳工作，足跡遍佈美國、亞洲、非洲、拉丁美洲、太平洋，包括臺灣在內。 
spiritual theology	神修學；靈修學是助人修持身心，以達到與天主合一的終極圓滿境界之學科。 
cardinal feast	主要慶節指主顯節、復活節、聖神降臨節。 
Council of Chalcedon	加采東大會天主教於 451 年在加采東所召開的第四次大公會議，聲明基督有「神、人兩性一位」。 
apostolic prefecture	宗座監牧區通常在傳教地區，尚未建立教會聖統 hierarchy 時期的一種初期傳教行政區域；我國通常亦稱為教區。其負責人稱之為監牧 apostolic prefect 。 
petrine privilege	伯鐸特權，詳見 petrine privilege 。 
Primitive Church	初期教會指第一個因耶穌基督之名而聚集的團體，源於新約。初期教會誕生於東方閃族和希臘文化交會之點，成員包括猶太人和外邦人。 
Apostolica (L.) Camera	教廷財務院教廷機構之一，負責管理教廷財務；成立於十一世紀。或稱作 Camera, Romana 。 
Christian Unity	基督徒的合一。 
religious freedom	宗教自由；信仰自由人類是生而自由的，也是美國總統羅斯福于 1941 年所宣導的四大自由之一。梵二大公會議宣示社會應給與個人按自己的良心信仰宗教的自由，不得用任何方式阻止或威脅之。法典 227 、 748 條亦有明文規定。 
Book of Ruth	盧德傳；路德記（基）舊約史書之一。中心人物為盧德，她原是外邦女子，嫁與猶太人為妻，丈夫死後自願留在猶太，與守寡的婆母相依為命，堪稱忠孝典型。後改嫁丈夫的親戚波阿次－達味(David)之先祖，亦為耶穌家譜中四位著名婦女之一。此書指出上主雖選取以色列民族，但未忘其他民族，卻足以彰顯救恩之普遍性。 
pastoral ministry	牧靈職務指牧者為人群服務，多指經由聖職聖事（受祝聖的）接受的管理、培養、領導等職務，亦指（未受祝聖的）全體教友的一般牧靈職務。 
solemn (high) Mass	大禮彌撒舊稱五、六品大彌撒，指附帶歌唱、奉香等較隆重禮儀的彌撒。是梵二大公會議前的稱呼。 
temporal punishment	暫罰指人在世間或在煉獄所受之暫時性的罪罰。 
papal knight	教廷爵士；教宗爵士；騎士；都騎尉根據教廷年鑒有下列五種 (1) 基督最高爵士 Supreme Order of Christ (1319 年教宗若望廿二世創）。 (2) 聖大國瑞爵士 Order of St. Gregory the Great (1831 年教宗國瑞十六世創）。 (3) 聖思維爵士 Order of Pope St. Sylvester (1841 年教宗國瑞十六世創）。 (4) 碧岳爵士 Order of Pius (1847 年教宗碧嶽九世創）。 (5) 金馬刺爵士 Order of the Golden Spur (1905 年教宗碧嶽十世創）。爵士為教宗頒賜教友之榮銜；但金馬刺與碧岳兩種爵士亦可贈與教外人士。 
sacred vessel	祭器；聖器舉行聖祭時所使用的器皿，如聖爵、聖體盒等。 
side altar	次要祭台；偏祭台昔日教堂兩側的祭台；與正祭台 main altar 相對照。 
scriptural glosses	聖經注解解釋聖經章句的注釋。 
Councils of Nicaea	尼西（才）亞大公會議因在小亞細亞古城尼西（才）亞召開而得名。第一屆於 325 年召開，聲明基督與聖父同性同體；第二屆於 787 年召開，聲明敬禮聖像合乎教理。 
coadjutor bishop	助理主教；主教代表指因教區牧靈之需要，協助教區主教的副手，一經祝聖為主教，當教區正權主教出缺時就有繼承權（法典 403-411)。 
Our Lady of Chartres	沙爾德聖母大堂該堂早在西元 67 年建于法國沙爾德，並於 1220 年重建，美輪美奐，堂中藏有相傳聖母用過的頭巾。 
physical person	自然人人因洗禮加入基督的教會，成為教會的一份子，並享有基督徒應有的權利與義務。年滿 18 歲者為成年人－有能力行使自己的權利和義務；未成年人行使其權利時，得依從父母或監護人的權力（參閱法典 96-112)。 
Book of Joel	嶽厄爾書；約珥書（基）舊約十二小先知書之一；先知勸百姓悔過自新，懇求天主憐恤，一旦悔改，天主必會再度賜給他們幸福快樂的生活。 
ecclesiastical office	教會職務指為達成神性目的，由天主或教會以固定方式所設立的職務（法典 145)。 
Sacred Congregation of the Oriental Churches	東方禮儀部；東方教會部 1862 年由教宗碧嶽九世所成立，原附屬於傳信部。 1917 年教宗本篤十五世(Benedict XV)使其獨立，主管東方教會的一切事務。梵二後，教宗保祿六世於 1967 年又重新改組，負責處理與羅馬教會合一、而在禮儀上仍保持東方教會傳統的事務。 
Sacred Consistorial Congregation	御前會議部；教區部；教務部由教宗思道五世(Sixtus Ⅴ)於 1587 年設立，今已改為主教部 Congregation for Bishops 。 
original sin	原罪 (1) 指人類始祖亞當與夏娃所犯背叛天主之罪。 (2) 指原罪對原祖後裔之遺害，詳見 original sin 。 
apostolic prefect	宗座監牧；監牧某些地區（教友），因特殊環境而未成立教區，委託宗座監牧 apostolic prefect 以教宗名義治理之（法典 371)。通常由神父擔任，我國亦尊稱為主教。但亦有主教出任此職者。 
ancestor　 worship	 祖先崇拜；祭祖；敬祖是中國五千年的文化傳統，基於靈魂不死的信念，是對祖先懷念、感恩、盡孝的表現。天主教贊成祭祖，只是對祭祖儀式是否含有迷信成分曾一度意見分歧，因而發生所謂中國禮儀之爭，現早已雨過天青。詳見 Chinese Rite Controversy 。 
the Lateran	 (1) 拉特朗大殿；拉特蘭大教堂；聖若望（翰）大殿羅馬主教－教宗之座堂。又稱救世主大殿。 (2) 拉特蘭宮；昔為君士坦丁大帝贈與教宗之宮殿，多次重複修建，後改為傳教文物博物館，今為羅馬教區辦事處。 
cases of conscience	良心個案；良心問題探討在各種境遇中，應如何配合良心或教會法問題。 
Book of Isaiah	依撒意亞書；以賽亞書（基）為舊約四大先知書之一；書分為二部，前部記述西元前八世紀以色列之情況，預言默西亞的誕生，及其贖罪救世的大業。第二部又稱為「慰藉之書」，說明天主乃流徙人民之希望和精神之寄託。 
Vatican Council	梵蒂岡大公會議。詳見本書附錄。 
pius association	善會乃教會認可的團體，一些志同道合的平信徒，共同努力培養更完美的生活或推行公共敬禮、或傳佈基督真理、或從事其他使徒工作－為福傳鋪路、或舉辦愛心慈善事業、或以基督化精神振奮現世秩序。此種善會與獻身生活會及使徒生活團不同，其成員身份不限，聖職人員及平信徒均可參加（法典 298)。有公立和私立之分，前者由宗座或主教成立，後者由平信徒經教會主管批准後而設立（參閱法典 312-329)。 
St. Michael	聖彌格；聖彌額爾；米迦勒（基）總領天使之一（默十二 7)；慶日在九月廿九日。現多用 Micah 。 
Pope John Paul II	教宗若望保祿二世 1920 年生於波蘭，為自 1522 年來第一位非義大利籍教宗。他的牧靈之旅幾乎遍及全球各地，堪稱現代偉大教宗之一。 
the commendation of a soul	送終祈禱；臨終經為死期已近、即將面見天主的人祈禱。 
latae (L.) sententiae	自科罰詳見 poena latae sententiae 。 
first (Holy) Communion	初領聖體；開聖體指教友初次領聖體。歐美習慣，幼童初領聖體，禮儀十分隆重，父母並為之舉行慶祝。 
nuptial Mass	婚禮彌撒；婚配彌撒。 
particular church	個別教會；地方教會。參閱 church, local 。 
Holy Shroud	聖殮布耶穌聖屍所用之殮布。現存于義大利都林主教座堂中者，相傳即為包裹耶穌的（長約十四英尺之）殮布，因為上面印著模糊的被釘者的全身肖像， 1898 年開始接受科學家考證殮布的真偽。至今尚無定論，教會靜觀其變。但私人敬禮絡繹不絕。 
Advent Wreath	 將臨期花環指在將臨期，置於教堂或家中的花環，每週點燃一枝蠟燭，以迎接聖誕，詳見 Advent Wreath 。 
Catholic education	天主教教育父母有教育其子女的義務和權利，包括接受天主教教育在內，而人靈的牧者有責任運用一切方法，務使所有信徒均能獲得天主教教育（參閱法典 793-795)。 
episcopal see	牧座；主教座；教區主教所轄之區域及許可權。如臺北總主教，大臺北地區和宜蘭縣即為其牧座。 
intellectual virtues	理智之德追求真理的好習慣，如聰明、智慧、謹慎等。 
Epistle to the Romans	羅馬書聖經新約中，保祿書信之一，書信寫於西元 57 年或 58 年。信中討論人染有原罪，只靠己力無法得救，應藉天主恩寵始能成義 justification 。 
Protestant Church	基督教誓反教一般指脫離羅馬天主教和東正教的基督教會或團體。教會的角色有二 (1) 精神本質，亦即教會是信仰及友愛的團體，屬於聖神的工作，非人力所能控制。 (2) 外在表現，亦即教會也是一個人世間、歷史中的制度，在每一時代表現出具體的生活方式的團體。後者是造成基督教會內分歧的原因。參閱 Protestant(-ism) 。 
Eucharistic bread	面餅；祭餅；聖餅原為彌撒中所用的以小麥麵粉製成的無酵圓形餅，經司祭祝聖後，成為耶穌的聖體。 
Epistle to the Hebrews	希伯來書新約書信之一；鼓勵猶太教友要堅持信德，並說明新約超越舊約；作者大概是聖保祿或其門徒。 
Lutheran Church	路德會；信義會；信義宗基督教派之一， 1517 年由馬丁．路德(1483-1546)創始，強調人只要信便可得救。 
the Incarnation	聖子降生；道成肉（人）身指天主聖子降生成人的納匝肋人耶穌。 
Exaltation of the Cross	光榮十字聖架該慶日在九月十四日。 
occasion of sin	犯罪的機會某些外在環境（人、地、事、物）能製造犯罪的傾向和機會，譬如在花街柳巷閒逛，難免不起淫念、失去理性，而犯下罪過。所以世人應盡力避免犯罪機會，以免陷入誘惑。 
public vow	公願；公開誓願信友在教會見證下，向天主許諾的誓願（約）。與私願相對照。 
national church	 (1) 國家教會；獨立教會。 (2) 國家教堂；國民教堂；僑民教堂以語言、文化為背景而異於當地教會的教堂；如美國各大都市的波蘭語教堂、華人教堂等是。 
general absolution	集體赦罪在特殊情形下，如有死亡危險或嚴重需要，而無法個別告明時，可以集體方式同時赦免眾多懺悔者之罪過（法典 961)。 
mystical body	奧體；基督奧體。詳見 mystical body 。 
the five Sacred Wounds	 五傷耶穌被釘在十字架時，身上共有五處傷口，即雙手、雙足及肋旁。 
collegiality of bishops	世界主教團以教宗為首，以眾主教為成員，經由聖事的祝聖，和在聖統制內與元首教宗及其他成員的共融而組成；世界主教團以宗徒團繼承人身份，在教宗領導下，治理普世教會（法典 336)。 
apostolic visitor	宗座視察員代表教宗（廷）視察教區或修會的專員。 
finding of the Japanese Christian	尋獲日本教友聖方濟．薩威於 1549 年登陸日本傳佈福音，不多幾年，教友直線上升到廿萬人。可惜好景不常，隨即遭受教難，多人殉道，教友成了無牧之羊。其後兩個半世紀，外人不得進入。直到 1855 年門戶始有限度開放，巴黎外方傳教會的柏若望神父(P. Petitjean)登陸長崎傳教； 1865 年 3 月 17 日 ，一群來自浦上的日本人參觀他新建的聖堂，見到聖母抱耶穌像喜極而泣，並問神父是否獨身？經證實與祖先呂吹男叛魷嚳螅杖環 ? 至肆 ? 轡皇 ? ?槳俁嗄輟 ? 雜謝釔眯叛齙慕逃眩 × 僥旰螅?槭諧?婕Ｊ降厝菪淼鋇亟逃炎雜苫?Ｔ諶氈久磕甑 ? 月 17 日訂為尋獲教友節。 
Pontifical Biblical Institute	宗座聖經學院 1909 年由教宗碧岳十世創立於羅馬。 
holiday of obligation	教會法定節日；停工瞻禮按教會規定，法定節日（在中國指主日及耶誕節），教友應參加彌撒並停止勞力工作，舊稱「罷工」瞻禮（參閱法典 1246-1247)。 
Holy Doors	聖門指羅馬聖伯鐸、聖保祿、聖母、聖若望拉特朗四大殿的大門，平時關閉(1975 年之前由磚砌成），聖年時打開，表示聖年的開始。凡從聖門進入（並履行某些規定）者都可以獲得聖年大赦。聖門之開啟與關閉大禮均由教宗親自主持。 
pontifical universities	宗座大學由教廷（教育部）設立的大學。 
national synod	全國教務會議某國的全體主教共同召集的宗教會議，以商討全國性的宗教事務。 
the millenium	千年（說）；千福年；千禧年王國；太平盛世教會初期，有人根據默示錄（廿 4-6)，誤認為世界末日即將來臨，來臨前將有千年之升平時期（盛世）。事實上，千年只表示一段不確定的時期而已。又稱 Chiliasm 。 
Roman Curia	羅馬教廷；教廷是教宗處理普世教會事務的機構，即以教宗名義和權力，促進全教會的利益並為之服務；教廷包括國務院、聖部、委員會、法庭以及其他機構，詳見本書附錄。拉丁文為 Curia Romana ，英文又稱作 Holy See 。 
the Angelicum	 (1) 天使大學中世紀道明會創辦於羅馬， 1910 年改今名，以紀念聖道茂。 (2) 天使大學學報。 
the Sacrament of Confirmation	堅振聖事；堅信禮（基）乃耶穌建立七件聖事之一；是主教（神父）先向領堅振的教友覆手祈禱，而後在其額上傅油，同時念「請藉此印記＋，領受天恩聖神」，透過聖事賦予的神印，使領受的人更密切地與教會結合，進而更堅強地為基督作見證（法典 879)。乃聖洗聖事的補充和加強，亦即基督徒的成人禮。 
the laity	平信徒；教友；教徒；信友；在俗教友教友的身分來自聖洗和堅振聖事，成為天主的子民；以自己的身體當作生活、聖潔和悅樂天主的祭品，在世俗領域中表達自己的信仰；在聖統制領導下，成為教會的一份子；但有別于聖職人員 clergy 。參閱 lay 。 
Book of Zachary	匝加利亞書；撒迦利亞書（基）。舊約先知書之一；先知在該書的前編（一至八章）勸百姓改惡遷善，後編（九至十四章）描述征服敵人後，那位和平的君王（默西亞－彌賽亞）要凱旋地建立普世的王國。亦稱 Zachariah 或 Zacharias 。
liturgical year	教會年（日）曆。同 year, ecclesiastical 。 
the Christian era	基督紀元；主曆；西元今日所使用之基督紀元，源自羅馬一個隱修院的狄奧尼修院長(Dionysius Exiguus)於 532 年推測耶穌誕生於羅馬建城後 753 年(753 A .U.C.)，可能有六年的誤差；倒也無傷大雅。事實上基督紀元已為全球所公認。 
apostolic association	使徒工作；使徒傳教。 
Councils of Lyons	里昂大公會議。詳見本書附錄。 
apostolic administration	宗座署理區某地區（教友）因特殊、重大理由而未成立教區，委託宗座署理 apostolic administrator 以教宗名義治理之，稱為宗座署理區（法典 371)。 
Our Lady of Mount Carmel	加美樂山聖母。詳見 Carmel, Our Lady of Mount 。 
episcopal throne	主教寶座在主教座堂內專為主教設立的座位。 
Book of Daniel	達尼爾書；但以理書（基）舊約先知書之一。該書主旨是天主是惟一、真實、全能、全知、統治萬國萬世、超然存在的神；祂藉世界的古今萬國，以達到祂建立神國之目的。 
vegetative soul	生魂；生命之魂指植物之魂，植物只有生魂；為士林哲學用語。 
Requiem (L.) Mass	亡者彌撒；追思彌撒；安魂彌撒；殯葬彌撒；煉靈彌撒；黑彌撒拉丁文 Requiem 意為安息，為早年亡者彌撒經文的第一句；全句為「主啊，求賜與他們永遠的安息」（加下十二 38-45)。亦即 Mass of the dead 。 
the State of Vatican City	梵蒂岡國；梵蒂岡城邦遠自羅馬皇帝君士坦丁（西元 313 年）公佈米蘭詔書後，教宗就陸續接受教友捐獻的土地，十五世紀時教宗的土地累積到一萬六千多平方哩，居民三百萬。自 1860 年始，義大利王國逐漸併吞教宗的國土，至 1870 年連羅馬也據為己有。教宗自囚梵蒂岡宮內以示不滿。 1929 年義大利政府與教宗締結「拉特朗協定」，正式成立梵蒂岡獨立國，成為世界最小的國家，位於羅馬市西北隅，占地 108.7 英畝－包括著名的伯鐸大殿和博物館，教宗為元首，僅有約一千居民－多為辦公的神父及會士，另有數百教友公務人員。 1985 年義大利再將另十所（教堂）建築和教宗的岡道爾夏宮也歸還梵蒂岡教廷。 
Immaculate Conception	無染原罪；無原罪始胎指天主在聖母受孕時，預防了她玷染原罪，亦即天主之母的一生，沒有一天在罪的勢力之下。拉丁文稱作 Conceptio Immaculata 。 
the Flood	洪水；洪水滅世。又稱 Deluge （創六 9 ；八 14)。 
secular insitute	俗世會是基督徒生活在世俗中，度獻身生活的團體（會），經由追求完美之愛德，從內部做起，努力使世界聖化（參閱法典 710-730)。 
Universal Church	普世教會指全球性的信仰團體－至公性的教會，與至一性、至聖性、宗徒性共同組成教會四大特徵。與地方、個別教會相對照。 
Holy Communion	聖體本意指基督聖體與領受者的融合，亦泛指教友間的團契。 
Friars of the Atonement	贖罪兄弟會乃美國聖公會數位神父于 1898 年，在華（特）遜神父(Paul James Francis Watson, 1863-1940)領導之下所創的修會；奉行聖方濟會規，並提倡合一祈禱。 1909 年全會改宗天主教。該會縮寫為 S.A. 。 
Most Blessed Sacrament	聖體聖事耶穌最後晚餐時，拿起餅來，祝謝了，擘開，遞給門徒說「這是我的身體，為你們而捨棄的。你們應為紀念我而行此禮。」晚餐以後，耶穌同樣拿起杯來，說「這杯是用我為你們流出的血而立的新約。」（路廿二 19-20)。教會舉行此成聖體禮稱為舉行（作）彌撒或感恩祭。彌撒中的聖體聖事是紀念基督的死亡及復活，是敬禮的巔峰和泉源，是最崇高的聖事－因基督自己兼作奉獻和犧牲（食糧），也是其他聖事及使徒工作的連系中心（法典 897)。彌撒中祝聖聖體、聖血後，司祭和教友領受此聖餅（聖血）稱為領聖體（聖血）；敬禮此聖餅（聖血）稱為朝拜耶穌聖體。 
pastoral theology	牧靈神學；神牧神學；傳教學講授聖職人員如何做好聖職人員分內之工作，就是效法善牧耶穌，牧放羊群－人靈（若十 1-20)。 
general confession	總告解將某時期內，未告過或已告過之罪，全盤告明，以示謙虛認罪決心。 
religious order	修會由教會批准，矢發三（顯式）聖願、度共同奉獻生活之教會團體。 Order 狹義僅指古代修會如本篤會 O.S.B. 、思定會 O.S.A. 、方濟會 O.F.M. 、道明會 O.P. 等。廣義則指一切修會。 
the Grail movement	女教友傳教會訓練婦女傳教領袖的團體； 1921 年成立于荷蘭。 
apostolic 教宗祝福 blessing	教宗接見會眾或舉行禮儀（結束）時的祝福。教宗每主日中午循例在伯鐸廣場右側樓房第三個窗口，朗誦三鐘經後，降福會眾；復活節及耶誕節在伯鐸陽臺賜「全城及全球 urbi et orbi 」降福。又稱 papal blessing 。 
Act of Consecration of Mankind to the Sacred Heart of Jesus	奉獻人類於耶穌聖心（敬禮）天主教對耶穌聖心敬禮之一種。 
erroneous conscience	錯誤的良心良心對道德之判斷發生主觀上的偏差。 
Sacred Congregation of the Propagation of the Faith	傳信部；佈道部為教廷聖部之一，由教宗國瑞十五世(Gregory XV)成立於 1622 年，管理世界傳教地區，現改稱「萬民福音部 Congregation for the Evangelization of Peoples 」。 
to hear Mass	參與（加）彌撒；望彌撒；聽彌撒國人多用「望彌撒」，而「參與彌撒」是比較正確的用語。 
Book of Sophonias	索福尼亞書；西番雅書（基）舊約先知書之一，完成於西元前七世紀，明言天主的正義不會寬恕叛逆的百姓。也可寫成 Zephaniah 。 
private Mass	私誦彌撒；私人彌撒；私彌撒司祭個人為私自的虔誠理由所舉行的彌撒，以別於為會眾福祉而舉行的堂區（公）彌撒 Mass, parochial 。 
Epistle to Philemon	費肋孟書；腓利門書（基）保祿書信之一。保祿要求費肋孟不要處罰畏罪脫逃的一個奴隸、已領洗的敖訥息摩，應以弟兄之誼相待，堪稱基督自由宣言。 
popular religion	民間宗教指民間基層的信仰，是一種對生命的目標及其終極意義的直覺性之理解，表達在（優良）習俗、傳統及民間活動中。又稱通俗信仰或常民信仰，其特色是 (1) 沒有教主， (2) 沒有入教儀式， (3) 沒有教團， (4) 教義是儒、釋、道、巫四部份的混合儒的祖先崇拜、釋的經典、道的儀式、巫的法術融合而成。是道地的民族性傳統宗教。 
mystical vision	神見；神示；神視；異象；直觀指人祈禱時，突然由內心浮現的某種形像或知覺，感覺與天主近在咫尺。 
Our Lady	我們的聖母對聖母瑪利亞最通俗、最親切的稱呼。 
Eastern Orthodox Church	東正教會指十一至十五世紀間與天主教會分裂之東歐及西亞一帶之教會，分裂原因多為個人恩怨及政治性者；梵蒂岡第二屆大公會議聲明天主教友在特殊情況下，可以領受東正教之聖事。稱東正教以別於東方之基督一性教派及聶斯多略異端教派。 
minister of the sacrament	施行聖事的人；主持聖事的人一般都由司祭（司鐸、主教）主持。與領受聖事的人或領聖事者相對照。 
pontifical Mass	主教彌撒；教宗彌撒指主教或教宗主持的彌撒。 
semipublic oratory	半公開小教堂修會或某社團之專用教堂。 
Gospel of St. Matthew	瑪竇福音；馬太福音（基）新約四福音之一，傳說瑪竇於西元 60 年以阿拉美語寫成；後譯為希臘文，原文已不復見。此福音是寫給巴勒斯坦的猶太人，故多引用舊約，以證明耶穌為先知所預言的救世者。 
prayer of the faithful	信友禱詞。詳見 prayer of the faithful 。 
Mount of Olives	橄欖山乃耶路撒冷城東北的小山，耶穌由此山升天（宗一 12)。 
pectoral cross	胸前十字教會高級神長的胸前佩帶的十字苦像。 
religious service	宗教儀式。 
Noe's Ark	諾厄方舟洪水滅世時，上主指示諾厄一家八口進入方舟避難，逃過一劫（創六 9 ；九 17)。又稱 Noah's Ark 。 
the Little Hours	時經；日間祈禱日課經中按時公誦之四段較短經文，即一時經、三時經、六時經、九時經；目前一時經已取消，其他改為午前、午時、午後祈禱。參閱 Breviary 。 
primacy of Peter	伯鐸首席權伯鐸因率先承認耶穌是默西亞、永生天主之子而被主立為宗徒首領、教會的磐石，掌管天國之鑰（瑪十六 16-19)，並要他牧放自己的羊群（若廿一 15 ff.)。參閱 Peter's Chair, St. 。 
ecclesiastical year	教會年（日）曆；禮儀年比一般的年曆約早一個月，從耶誕節前四周之將臨期開始，詳列全年教會的各個節慶和節期，作為教會舉行彌撒、日課及禮儀的指南。 
Society of Friends	公誼會；貴格會；教友派為基督教派之一支，十七世紀中葉由福克斯(George Fox)成立於英國，反對形式上的宗教，注重所謂「內心之光」。 
Immaculate Heart of Mary	聖母無玷聖心。詳見 Sacred Heart of Mary 。 
holy water	 聖水；祝聖過的水通常置於聖堂入口處，教友沾聖水畫十字以求淨化心靈。有時彌撒開始前，先舉行灑（撒）聖水禮。 
Congregation for the Discipline of the Sacraments	聖事部 1908 年由教宗碧嶽十世(St. Pius X)所創立，主管有關聖事事宜，如婚姻及聖秩（神品）有效的檢定等。 
delegated jurisdiction	委任管理權。 
Epistle to the Colossians	哥羅森書；哥羅西書（基）新約聖保祿書信之一；是保祿寫於羅馬獄中的書信，除推崇基督高超的尊位外，同時也勸勉信友抗拒邪說謬理，專務修德。 
spiritual father	神師神父；神修導師指導靈修生活的神父。 
ordinary of the Mass	彌撒常用經文彌撒經文中，通常不改變的部分。 
power of the keys	天鑰聖權；鑰匙權教會神權之象徵。 
College of Cardinals	樞機團。詳見 Collge of Cardinals 。 
the last things	萬民四末人生的最後歸宿，亦即死亡、審判、天堂、地獄。又稱 four last things 。 
regular clergy	修會聖職人員；入會聖職人員以別于教區聖職人員 diocesan clergy 。 
eternal life	永生泛指無限的生命，亦即與三位一體天主共融的生命。廣義而言，也指人類與無限美善的天主親密結合，分享天主的生命藉恩寵在今生只能望梅止渴、窺豹一斑而已，於死後方能完全享有、歎為觀止。 
ex (L.) cathedra	 (1) 聖座隆重宣言教宗以其不能錯誤的最高權威，對全教會正式頒佈有關教義或道德的決定。 (2) 寶座設于主教座堂，為主教專用的座位。參閱 cathedral 。 
papal definition	欽定信條；教理決定；訂定信德道理教宗以教會元首名義對有關信理和道德所作的正式宣佈。 
Council of Florence	翡冷翠大公會議。詳見本書附錄。 
diocesan curia	 (1) 主教助理協助主教治理教區的一些助手。 (2) 教區公署；教區辦事處；主教公署；主教府由教區的某些機構與人員所組成，以協助主教治理整個教區（法典 469-474)。同 bishop's house 。 
Apparition of Our Lady at Lourdes	露德聖母顯現 1858 年聖母于法國西南部小鎮露德，十八次顯現給牧羊少女（聖）伯爾納德(Bernadette Soubirous)，指示世人應祈禱悔改，並自稱為始孕無染原罪者。此後朝聖人潮絡繹不絕，並有奇跡出現。紀念露德聖母顯現節為二月十一日。教宗若望保祿二世定此日為世界病患日。 
perpetual adoration	永拜聖體；經常朝拜聖體將聖體自聖體櫃中請出，供於祭臺上接受信眾朝拜，稱之為明供聖體。有些團體（如修會）每天明供聖體，並有修士、修女、教友按時輪流朝拜。 
religious rule	修會會規。 
Chinese Martyrs	中國殉道聖人；中華殉道先烈天主教傳入中國後，教難接二連三，多人為主殉道。教難的起因，非常複雜。清代初年的主要禍源，是中國禮儀之爭，不許尊孔祭祖，加上白蓮教作亂，「反清複明」受了株連。清末的不平等條約和保教權，國人懷恨在心，而導致「扶清滅洋」的庚子拳匪之亂(1900)。在眾多殉道者中，有 122 位先後由教宗封為真福。其中的董文學神父已于 1996 年正式列入聖品；而其他 120 位真福也於 2000 大禧年的 十月一日 在羅馬隆重列入聖品；另一殉道真福杜仲賢神父，因錯過申請手續而仍為真福。 
Congregation Disciples of the Lord	主徒會為首任教廷駐華代表剛毅總主教(Cardinal Celso Costantini ，於 1953 年升為樞機）於 1931 年在中國創立的中國聖職修會，強調文化傳教。除在臺灣工作外（設有恆毅中學、毅雜誌、若干堂區），並在馬來西亞及印尼創辦學校及活動中心，為全球華人服務。拉丁文稱作 Congregatio Discipulorum Domini ，簡寫為 C.D.D. 。 
sign of peace	和平吻禮。同 pax 。 
the Last Gospel	最後福音昔日彌撒結束時所宣讀的一段福音，采自若一 1-14 。今已取消。 
St. Alphonsus Liguori	聖雅風．力格義大利倫理學家， 1732 年創立贖世主會。舊名聖亞豐索。 
the Cenacle	 (1) 晚餐廳耶穌最後晚餐之處所。 (2) 避靜院由女修會所主持的婦女避靜的房舍。 
religious profession	修會誓願；會士發願經由貧窮（神貧）、貞潔、服從三願加入某修會團體、遵守同一會憲（章）、共度獻身生活者。 
pastoral visit	牧靈訪問。 
ecclesiastical province	教省為在數個毗鄰教區之間，按人事及地方環境促進共同的牧靈工作，並為更適當地培養教區主教之間的關係，共同組成一個教省（法典 431)。相鄰之教省又可由聖座聯合成為區域性教會 ecclesiastical region 。通常每一國家分若干教省，教省中又分若干教區，教區中再分若干堂區。如臺灣地區共分為七個教區，其中臺北稱為總教區，其他（六個）稱為教區。 
diocesan clergy	教區聖職人員；教區聖職班。 
Council of Constance	康士坦斯大公會議十五世紀(1414-1418)在德國康士坦斯召開的大公會議。詳見附錄。 
Epistle to the Corinthians	格林多書；哥林多書（基）保祿書信之一；分前後兩書；約於西元 53-57 年間寫成。保祿寫該書之目的是為消除教會內部的紛爭和惡表，同時也為答復信友所提出的一些問題。 
religious habit	會衣修會會士的制服。 
spiritual direction	神修指導；靈修指導。 
votive Mass	私願彌撒；還願彌撒；任選彌撒；敬禮彌撒神父按某種意向或為還願所（選擇）舉行的彌撒；如特敬耶穌聖心的彌撒、求和平的彌撒等。 
papal chamberlain	教宗侍從教宗所賜榮銜之一 (1) 對聖職人員稱蒙席。 (2) 對一般教友稱教宗侍衛。又稱 camerlengo 或 camerarius 。 
the Angelic Salutation	聖母經系由天使問候聖母的話、表姐麗莎讚頌聖母的話（路一 28 ， 42)、以及十六世紀教會所附加的祈禱文所組成。語體譯文為「萬福瑪利亞，你充滿聖寵！主與你同在。你在婦女中受讚頌，你的親子耶穌同受讚頌。天主聖母瑪利亞，求你現在和我們臨終時，為我們罪人祈求天主。阿們」。文言譯文見 Hail Mary 。又可稱 Angelic Salutation 天使問候。 
Book of Numbers	戶籍紀；民數記（基）舊約梅瑟五書之一，為出谷紀之延續，因記有許多數字，故名。書中記載希伯來族分為十二支派，各自獨立，但藉由同一宗教盟約的信心而團結。他們雖曾與梅瑟發生爭執，但由此書可看出他們的社會及宗教組織是以信德（心）為基礎。 
illuminating grace	神光寵佑之一種，使人頭腦清醒，易於行善。 
public absolution	公開赦罪亦即在會眾面前赦罪，乃古代教會赦罪的方式。 
sensitive soul	覺魂；感覺之魂指動物之魂，動物有生魂和覺魂，但無靈魂；為士林哲學用語。 
the Apostles' Creed	宗徒信經；使徒信經相傳為十二宗徒所撰寫並傳揚的信理綱要，共十二條，每位宗徒維護一條，全文為我信全能的天主父，天地萬物的創造者。我信父的唯一子、我們的主耶穌基督。我信祂因聖神降孕，由童貞瑪利亞誕生。我信祂在比拉多執政時蒙難，被釘在十字架上，死而安葬。我信祂下降陰府，第三日從死者中復活。我信祂升了天，坐在全能天主父的右邊。我信祂要從天降來，審判生者死者。我信聖神。我信聖而公教會，諸聖的相通。我信罪過的赦免。我信肉身的復活。我信永恆的生命。阿們。又稱 Apostolic Creed 。「信」表示承認、心悅誠服之意。 
Book of Esdras	厄斯德拉書；以斯拉書（基）舊約史書之一；書分上下兩卷，下卷亦稱乃赫米雅書或希米記（基） Nehemia 。寫於西元前五世紀。記述猶太人充軍回國後約一百年間的歷史亦即從居魯士解放選民開始，到領袖們重建聖殿、進行宗教革新運動止。 Esdras 又名 Ezra 。 
Epistle to the Ephesians	厄弗所書；以弗所書（基）新約保祿書信之一，寫於其被俘時期，指出基督的教會宛如基督的妙身基督是首，與肢體－信徒合而為一，同時信徒彼此間也應密切連系。 
the Our Father	我們的天父；在天我等父者；天主經；主禱文耶穌親授門徒祈禱文之第一句。全文見 Lord's Prayer 。 
the Syllabus	謬說表；異端邪說錄 (1)1864 年教宗碧嶽九世所公佈。 (2)1907 年教宗碧嶽十世把極端現代主義亦曾列入表中。 
impeded see	受阻；（主教）牧座障礙；（主教）職權障礙指教區主教因被囚、放逐、充軍或因無能力，完全無法在教區內行使牧靈職務，包括通信在內（法典 412)。 Sede 原意為座位，引伸為（教區）職權。拉丁文稱作 sede impedita 。 
Book of Kings	列王紀舊約之一部，廣義的包括四部份，計為撒慕爾紀上、下，及列王紀上、下；狹義僅指後二者。列王紀提醒人，天主對世事並非袖手旁觀，一切都在祂掌控中。 
national council	全國會議亦即全國教務會議。 
Sacred Roman Rota	教廷高等法院；聖輪法院成立於十三世紀的聖座法院，因法院建築為圓形又稱為聖輪法院。 
Pontifical Academy of Science	宗座科學院；教廷科學院。詳見 Pontifical Academy of Science 。 
medal of St. Christopher	聖多福聖牌美國習俗，祈求行車安全的聖牌。據古老傳說渡船夫聖多福曾帶嬰孩耶穌安然渡過溪流，被民間視為旅行主保。 
Supreme Order of Christ	基督最高爵士章教宗若望廿二所創之勳章。詳見 knight, papal 。 
revealed truth	啟示真理天主所揭示的真理。 
Pope John XXIII	教宗若望二十三世近代偉大教宗之一(1881-1963)，曾召開梵蒂岡第二屆大公會議，促進教會改革，頒佈《慈母與導師》及《和平於世》二通諭。 
intellectual soul	靈魂；理性之魂指靈魂使人擁有理性、人格。唯獨人具備生魂、覺魂和靈魂。「魂」字乃士林哲學用語。 
Book of Nehemiah	乃赫米亞書；厄斯德拉下；尼希米記（基）舊約中的一部，記述猶太人由充軍地回國後，省長乃赫米亞整修耶京城牆、整頓政風、並與厄斯德拉一起恢復梅瑟與主所立之盟約等事蹟。 
religious institute	修會是按照各自（獨特）的規定，矢發終身公開（貞潔、貧窮、服從）聖願，並度兄弟（姐妹）般獻身生活的信友團體（參閱法典 607-709)。 
impeding (prohibiting) impediments	不法限制昔日規定某些情況禁止結婚，若執意結婚，婚姻雖有效，卻不合法。此種規定今已少見（參閱法典 1075)。 
St. Peter	聖伯鐸；聖伯多祿；聖彼得（基）原為漁夫，被耶穌選為宗徒，並封為十二宗徒之長，改名叫磐石。他是首位羅馬主教－教宗，在羅馬殉道，在其墓上所建之伯鐸大殿成為天主教領導的中心。 
Edict of Milan	米蘭詔書西元 313 年 2 月羅馬君士坦丁大帝宣佈宗教信仰自由之詔書。 
the Elevation	舉揚（聖體和聖血）司祭祝聖聖體、聖血後，將之舉起（捧舉）讓會眾瞻仰、朝拜；感恩經結束時再度舉起，是奉獻的表示。前者始於十二世紀，後者始於教會初期。 
Book of Ezechiel	厄則克耳書；以西結書（基）舊約先知書之一；厄則克耳為四大先知之一，首先預言以民因敬拜邪神及不守主誡而招致天主的懲罰－聖城毀滅及流亡異國；直到他們悔改，才能回歸故里，重建家園。 
religious indifferentism	宗教冷漠主張；宗教無差別論主張所有宗教都有價值，都是好的，不相信只有一個完備的宗教，是對宗教信仰不求甚解的態度。 
book and candle bell	鳴鐘、掩卷、熄燭中世紀開除教籍的步驟。 
infused virtue	天賦德性；注賜之德指天主賜與善人靈魂的特殊寵愛，使之直接與主（秘契）結合之德。 
lay apostolate	教友傳教；教友傳教者。又稱 apostolate of the layman 。 
sung Mass	詠唱彌撒指詠唱聖歌而無襄禮人員的彌撒。是梵二大公會議前的稱呼。 
the Blessed Virgin Mary	童貞聖母瑪利亞是雅敬和安納的女兒、達味的後裔、若瑟的淨配、耶穌的母親、充滿聖寵者、無染原罪和本罪者、第一位基督的信徒、贖世者的伴侶、蒙召升天之後。福音曾多次提起她（瑪一；穀三；路一；若十九）。在她一生中，有三種境遇顯示出她中保 Mediatrix 的角色聖子降生、耶穌被釘十字架、榮耀的天上母后。教會對她以特殊的敬禮 hyperdulia 禮遇（參閱 veneration)。而瑪利亞（瑪麗）在耶穌時代是巴勒斯坦最通俗的名字，也曾多次出現在新舊約內。 
News Service Fides	信德新聞社 1927 年由教廷傳信部所設立，原名為 Agenzia Fides 。 1998 年 6 月 4 日 開始有中文版，名為信仰國際通訊社－ Xinyang guoji tungxunshi ，旨在讓中國人獲知教宗的活動、以及普世教會的福傳資訊。 E-mail  chinese@fides.org 。 
Church of Holy Sepulcher	耶穌聖墓大殿君士坦丁皇帝曾在耶穌死後埋葬與復活的原址，建造了一個聖堂，後改建成大殿。 
auxiliary bishop	輔理主教；主教代表指因教區牧靈之需要，協助教區主教的副手，雖經祝聖為主教，但無繼承權（法典 403-411)。 
to make a vow	許願；發願向天主宣誓遵守某善行。 
episcopal ring	主教權戒為主教聖秩和權力之象徵，始於第六世紀。 
papal audience	覲見教宗；教宗接見群眾通常在每週三上午。 
baptismal innocence	洗禮後之無罪狀態領洗後，原罪、本罪都蒙赦免，靈魂享有天主的寵愛。可惜不久靈魂會因後天的罪過而遭受污染。 
final vows	終身願；大願；永願；末願修士或修女（在暫願期滿時）向天主宣誓，承諾信守終身的三個聖願。 
Feast of Dedication	祝聖日；奉獻日指聖堂或聖殿落成的祝聖日或奉獻日。 
fallen angels	墮落的天使；魔鬼有些天使，因抗拒天主的命令而失掉天主的恩寵－不能在天堂與天主共享福樂，變成了魔鬼，墜入萬劫不復的地獄。 
personal sin	本罪；己罪指個人違反自然律或神律的行為，由本（個）人負責。與原罪 sin, original 有別，因為原罪直接由始祖亞當與夏娃負責。 
Book of Osee	歐瑟亞書；何西阿書（基）舊約十二小先知書之一，預言天主以慈愛憐憫（對待）不忠的百姓。 Osee 又稱 Hosea 。 
inerrancy of Scripture	聖經之無誤性。詳見 inerrancy of the Scripture 。 
Amen In the Name of the Father and of the Son and of the Holy Spirit	因父及子及聖神之名，阿們是教會經常使用、朗朗上口的經文之一。教會舉行每一件聖事、禮儀和祈禱的開始和結束，均呼求天主聖三的聖名。拉丁文稱作 In Nomine Patris et Filii et Spiritus Sancti, Amen 。 
last Judgement	最後審判。同 Judgement, general 。 
Sacred Congregation of Seminaries and Universities	教育（聖）部詳見 Congregation for Catholic Education. 
Good Shepherd	善牧指基督。 
the Almighty	全能者指全能、全知、無所不在的天主。 
principle of double effect	倫理雙果原則當某一行為有善、惡雙重結果時應守的原則；在某種條件之下始被允許，不可冒然行事。 
frequent Communion	勤領聖體教宗碧嶽十世以通諭鼓勵教友和兒童每日領聖體。 
devotion to the Sacred Heart of Jesus	耶穌聖心敬禮心為愛情之象徵，耶穌聖心像，心露於外，繞以茨冠，並有傷痕，上有火焰，表示耶穌對世人之大愛，藉以呼籲世人賠補己罪，並彼此相愛。方式包括歡度耶穌聖心節，每月首星期五參與彌撒、守聖時、念聖心禱文、念聖心入主家庭等等。 
Order of Preachers	道明會；多明我會 1215 年聖道明 Domingo de Guzman 創立於法國，以講道為宗旨。會名縮寫為 O.P. ，會士則稱 Dominican 道明會士。 
the Apostolic Chancery	教廷文書院始於四世紀，起草並處理教廷文書；如有關列品文件及劃分新教區文件等。 
papal brief	宗座簡函；宗座特許狀；教宗書簡教宗文告之一，由教廷特殊文書院簽署，並蓋教宗漁人指環印信者 Ring of the Fisherman ，又稱 breve ，詳見 bull, papal 。 
Sacrament of Marriage	婚姻聖事；婚配聖事婚姻契約是男女雙方藉以建立終身伴侶的結合，旨在夫妻的福祉，以及生育和教養子女；而兩位領洗者的婚姻被主基督提升到聖事的尊位（法典 1055)。又稱 Matrimony 。 
St. Thomas Aquinas	聖道茂．亞奎納舊名多瑪斯（湯姆斯、湯瑪斯），乃道明會士，著名神、哲學家，著作等身，以神學集成為代表作，被封為教會聖師。 
Easter Triduum	逾越節三日慶典；復活節三日慶典從聖週四開始的三日慶典，包括主的晚餐彌撒、主受難日（紀念救主受難儀式）、復活前夕守夜禮。 
last blessing	 (1) 臨終祝福對臨終者的祝福，包括頒賜全大赦在內。 (2) 最後祝福彌撒結束時的祝福。 
last sacraments	臨終聖事包括告解、病人傅油、臨終聖體等對彌留病人施行的三件聖事。 
parish credit union	堂區儲蓄互助社為小型合作社，教宗若望廿三世曾于《慈母與導師》通諭中大加讚揚；現臺灣堂區亦有成立者。 
veiling of images	蒙蓋聖像；掩像梵二以前，自四旬期第五主日開始，將教堂中（除十四處苦路圖像外）的一切聖像（相），盡以紫布掩蓋，以紀念耶穌苦難。苦像之紫布於聖週五禮儀中取下，其他聖像（相）之紫布則於復活節前夕取下。 
revealed theology	啟示神學從天主啟示而得來的有關天主的知識；與自然神學 theology, natural 相對照。 
spiritual profit	神益。 
application of Mass	奉獻彌撒；申請彌撒請司祭在某一彌撒中特別為某人、某事祈禱，稱為奉獻彌撒，通常也捐薄酬，聊表謝意，此酬金稱為彌撒獻儀 stipend ，又稱分配彌撒果實。 
blessing of the cornerstone	奠基禮。 
temporary vows	暫願；小願；有期誓願指有期限、過渡性的聖願，如一年、三年等。 
general chapter	全體大會指修會全體代表大會。 
the Templars	聖殿騎（武）士團由九位法國騎士在 1118 甏戳 ? 諞啡隼洌ㄋ廾攀?罡澆 ? 拇笙茫謀；?釗撕徒袒帷Ｓ殖 ? the Knight of the Templars (Temple)。 
St. Dominic	聖道明西班牙神父，道明會創始人。見 Dominicans 。 
Litany for the dying	臨終禱文專為彌留病人所誦念的經文。 
Christian edification	 (1) 基督奧體；教會之建立（弗四 12)。 (2) 教化；啟迪；立好榜樣。 
Jubilee indulgence	聖年大赦；猶比來翁大赦。詳見 Jubilee Year 。 
vacant see	出缺；主教牧座出缺指主教因死亡、調任、辭職、免職時，主教席位即告出缺（法典 416)。 Sede 原意指座位，引伸為（教區）職權。拉丁文稱作 sede vacante 。教宗也能因死亡或辭職而出缺。 
holy fire	聖火指復活節前夕所祝聖之火，象徵從死者中復活的基督，光照普世，以祂的真光驅散世人心靈的黑暗。 
solemn vows	顯願；盛式誓願泛指一般古老的修會所矢發的願，實質上與新興修會所矢發的簡願相同。 
provincial council	教省會議；全省主教會議。 
biblical concordance	聖經索引；聖經要語索引；聖經用語彙編以聖經主要字句編排的索引，最著名者為 1736 年由克魯丹(Alexander Cruden)所編著，沿用至今。 
Your Holiness	陛下；宗座與教宗講話時的尊稱。 
natural theology	自然神學；原神學講授基於理性的宗教及倫理知識，亦即從人的理性，探討天主及超自然的學問；與啟示神學 theology, revealed 相對照。 
Christian name	聖名；洗名一般都取自聖人的名字，包括 (1) 領洗時所取之名，又稱洗名，參閱 baptismal name 。 (2) 領堅振聖事者、或修會會士發願者所起之名，又稱會名。 
Epistle to Timothy	弟茂德書；提摩太書（基）聖保祿宗徒寫給弟茂德的書信，勸勉愛徒弟茂德，應如何管理教會及照顧人靈。共分前、後書。 
apostolic nuncio	教廷大使駐在大部為天主教徒國家的教廷大使，為使節團之團長。詳見 papal legate 。 
apostolic protonotary	 (1) 教廷高級書記；宗座總書記官簡稱 P.A. 。 (2) 教會榮銜。 
the Immaculate Conception	聖母無玷始胎；聖母無染原罪；聖母無原罪；聖母始胎無染原罪 1854 年教宗碧嶽九世宣佈「瑪利亞在其母胎成孕之初，即因天主特恩未染原罪」為信條。其節日在十 二月八日 。拉丁文稱作 Immaculata Conceptio 。 
presbyterial council	司鐸諮議會每一教區應成立司鐸諮議會，代表司祭團協助主教治理教區（法典 495)。 
pontifical decoration	 (1) 主教飾物如胸前十字、權戒、權杖、高帽等。 ? 宗座榮銜；宗座勳章由教宗賜給教友的榮銜，如爵士、獎牌、十字架等。 
juridical person	法人 (1) 天主教會及宗座均有法人資格，乃天主所制定。 (2) 教會的法人指依教會法符合其性質作義務及權利的主體。此法人或為社團，或為財團（參閱法典 113-123)。 
Gospel of St. John	若望福音；約翰福音（基）新約第四部福音書；為使徒聖若望于第一世紀末葉所寫，較其他三部約晚三十餘年。寫此福音時，否認耶穌是天主子的邪說橫行，為了堅固信友的信德，若望強調耶穌是默西亞、天主子，而使相信的人靠祂的名獲得生命。 
apostolic commissary	教宗特使；教宗特派員。 
perfect contrition	上等痛悔由愛慕天主而生的悔罪行為。告解前罪過已蒙赦免，但重罪仍有辦告解的義務。 
Constitution on the Sacred Liturgy	《禮儀憲章》第二屆梵蒂岡大公會議所公佈的憲章(4.12.1963)，是教會近代禮儀革新的藍圖。拉丁文稱作 Constitutio de Sacra Liturgia 。 
St. Nicholas of Myra	聖尼閣；聖尼各老（第四世紀）小亞細亞之米拉城主教，經常扶弱濟貧，是一位極受人歡迎的聖人，在每年十 二月六日 慶祝，為傳說中的聖誕老人。 
profession cross	聖願十字發願會士所佩帶的十字苦像。 
National Legion of Decency	良風團為促進電影內容信守善良風俗的團體。成立於 1934 年，不僅消極抵制不良電影，也主動表揚良好影片。 
the Deluge	洪水舊約記載，天主曾以洪水處罰人類的罪行（創六 9 ；八 14 ；伯前三 20)。又可稱 Flood 。 
papal rescript	教宗覆文；聖座答書乃教宗或有關主管以書面發佈之行政措施，賜予申請者特恩、豁免、釋疑或其他恩惠（法典 59)。通常只對詢問或請求人有效。答書言簡意賅，譬如諾 affirmative ，否 negative ，不宜 non expedit ，特許 pro gratia ，欣然准予所請 gaudeat impetrates 等。 
Our Lady of Ransom	聖母贖虜瞻禮於十三世紀因聖母顯現而組成之特別為被俘者贖身的修會。 
spiritual relationship	神親如洗禮聖事中，受洗者與其代父母結為神親。 
the Holy Rule of St. Benedict	聖本篤會規為西方隱修之父，聖本篤所擬定之規則，注重自給自足，共度團體獻身生活，會規要求嚴格、培養團隊精神、強調中庸之道。其他修會多參考採用。西元 529 年發源於義大利喀西諾山 Monte Cassino ，很快就發展開來，對歐洲的開發貢獻良多。 
local church	地方（區）教會；個別教會指普世教會在某地區的可見部分。泛指一個地區、國家、教省、教區、堂區等等。又稱 particular church 。 
actual grace	寵佑；助力聖寵；現時恩寵；助人為善的聖寵指人在皈依的開始，或在聖化的過程中，來自天主的助佑，是天主所賜的超性神恩，開導人的理智好能分辨是非、善惡，感動人的意志以便行善避惡。 
Devil's Advocate	魔鬼的辯護者；列品調查員基於調查萬分仔細，毫不含糊，故名。詳見 Advocatus Dei 。 
examination of conscience	省察；反省；良心檢討反省自己之言行是否符合天主聖意。 
Book of Leviticus	肋未紀；利未記（基）梅瑟五書之第三部；作者不詳。為希伯來人的禮規手冊。 
St. Peter's Chair	聖伯鐸寶座；建立聖伯鐸宗座 (1) 相傳聖伯鐸曾坐過的銅椅，現存于羅馬聖伯鐸大殿。 (2) 紀念建立聖伯鐸宗座之慶日在二月廿二日。 
day of retribution	最後審判日指世界末日時，天主對人類善行及罪過賞罰的終結之審判，亦即所謂最後的因果報應。基督宗教相信世界末日的最後審判。 
devotion to the Sacred Heart of Mary	聖母聖心敬禮聖母瑪利亞聖心像，心露於外，繞以玫瑰，被利刃穿透，上有火焰，象徵聖母與耶穌一同受苦受難，旨在提醒世人，賠補己罪，並彼此相愛。方式包括歡度聖母無玷聖心節、每月首星期六參與彌撒、念聖母禱文、玫瑰經等等。 
the Feast of Orthodoxy	保持正統信仰慶節指東方拜占庭禮天主教，於四旬期第一主日所舉行之慶節，是日紀念終結（瓦解）聖像破壞運動(iconoclastic movement)，而聖像（相） icon 終於在 842 年得再懸掛於教堂中。 
celestial hierarchy	天使階級。詳見 choirs of angels 。 
Anglican Church	安立甘教會；英國國教又稱 Anglicanism ，是英王亨利八世脫離天主教時，於 1534 年所創始的獨立教會。是一個在英國紮根、茁壯、成長，而逐漸遍佈全世界的教會支派，稱之為聖公宗 Anglican Communion 。該會傳至英國國外後改稱聖公會 Episcopal Church 或 Episcopalianism 。 
major prophets	大先知指舊約中的依撒意亞 Isaiah 、耶肋米亞 Jeremiah 、厄則克耳 Ezechiel 和達尼爾 Daniel 等四人。 
Book of Malachia	瑪拉基亞書；瑪拉基書（基）舊約先知書最後一部，成於西元前五世紀，指出上主對以色列人之仁愛及對曠職司祭之譴責。又稱 Ｍ alachi 。 
main altar	正祭台；大祭台昔日教堂中央的主要祭台，四周設有若干次要祭台 side altar 。照教會新規定，教堂中只許有一個（正）祭台。 
sacramental grace	聖事聖寵領受聖事時，聖事本身所賜予之恩（聖）寵。 
Sacrament of the Eucharist	聖體聖事；感恩祭（宴）；感恩聖事（禮）；彌撒包括聖事和聖體，是耶穌親定的至尊聖事，將餅酒變為自己的血肉，祭獻天主，養活人靈。聖體聖事一方面紀念主的死亡及復活，使十字架的祭獻功效永世長存，另一方面，聖體又是飲食，讓人的超性生命得到滋養、聖化、成長（法典 897)。原文來自希臘文 Eucharistia ，意指感恩，通常稱作 Most Holy Eucharist ，或 the celebration of the Eucharist 。 
Christian art	基督宗教藝術；宗教藝術；教會藝術指增進基督信仰、恩寵、熱心、敬禮、聖潔的教會藝術。自地下墓穴的象徵藝術開始，教會在每一世紀均有表達美術、裝飾、訓誨的藝術傑作，包括聖殿建築、鑲嵌細工、繪畫、雕塑、木刻、金銀作品 … 。許多美麗、高貴、而有價值的藝術品，能使人心神嚮往天主，經常用在教會正式敬禮上的稱為禮儀藝術 liturgical art ，或聖藝 sacred art 。 
Gregorian calendar	國瑞曆書；額我略曆書；格利高曆書原羅馬凱撒於西元前 46 年所頒之 Julian 曆，較陽曆每年長 11 分 14 秒。屆西元 1580 年已累積至 10 日。教宗國瑞（額我略；格利高）十三世，於西元 1582 年，自 10 月減除 10 日（將 1582 年 10 月 5 日 改為 1582 年 10 月 15 日)，並下令規定每四年的二月增加一日，是為閏年，表示「世紀」之年。因此國瑞曆每年較實際多 26.3 秒，屆西元 4316 年將多出一日。目前世界通用者即此國瑞曆。 
spiritual relish	神味神修方面之樂趣，亦即天人合一之樂趣。 
Eucharistic Congress	聖體大會。詳見 Eucharistic Congress 。 
St. Francis of Assisi	聖方濟．亞西西舊譯名方濟各(1181-1226)， 1224 年自己的身體印了五傷，親身體驗到耶穌所受的十字架痛苦， 1228 年列入聖品，又稱五傷聖方濟，為一平民化的義大利聖人。創立了方濟會；該會先後分出三支方濟小兄弟會 Order of Friars Minor (1209 年），方濟住院會 Conventuals (1415 年），嘉布遣會 Capuchins (1525 年）。 
Christian vocation	聖召；神召；神命；使命基督召喚人時，要人聽從祂、跟隨祂、師法祂，進而變成祂的肖像，並宣揚救恩的喜訊就廣義而言，指每位教友（生活中）個別的機遇和工作，都可說是天主的召喚和考驗，亦即每件事－除了罪過以外，都可與天主聖意相調和。就狹義而言，指蒙天主召選願意獻身於教會者，如作神父、修女等。 
St. Paul	聖保祿；聖保羅（基）又名掃祿，於西元二或三年生於小亞細亞之塔爾索，父母為猶太人，曾在耶路撒冷深造，由於對猶太教和祖傳法律的熱誠維護，因而竭力迫害新興的基督教會，就在他前往大馬士革途中，蒙耶穌顯現，特選為自己的宗徒；自此改弦易轍，為福傳事業到處奔波，足跡從以色列、賽普勒斯、敘利亞、馬其頓、雅典、厄弗所、格林多 … 遠至義大利、西班牙。最後在羅馬為主殉道，所遺留下的十四封寶貴書信，留傳千古。 
Suffering Church	受苦的教會教會不斷地接受痛苦的考驗，尤指煉獄靈魂。詳見 Mystical Body (of Christ)。 
college of consultor	參議會教區主教可從司鐸諮議會中任命若干司鐸組成參議會，享有法律所規定的職務（法典 502)。修會亦有類似組織（法典 627)。 
immortality of the soul	靈魂不滅指人死後，其自我意識的靈魂繼續存在於不滅的狀況。 
Divine Perfections	天主的美善天主的全美、全善。 
Secretariat (e) of Latin Letters	普通文書院教廷中樞機構之一。 
Holy Week	 聖周；聖主日；大主日復活前的一個星期，從週一到復活主日，紀念耶穌在世最後一周的事蹟，主要包括主建立聖體、主受難、耶穌復活等。 
Rule of St. Basil	聖西略會規為希臘四大聖師之一，聖（巴）西略(330-379)所留下的隱修規程；注重服從、清貧與棄舍世物，經常守齋、默想、讀書、工作、團體祈禱。許多修會的會規均以此規程為藍本。 
capital sins	七罪宗；罪源各種罪惡的源頭，可歸納為七項，即驕傲 pride 、慳吝 covetousness/avarice 、迷色 lust 、貪饕 gluttony 、嫉妒 envy 、忿怒 anger 、懶惰 sloth 。又稱七死罪 deadly sins, seven 。 
Book of Job	約伯傳；約伯記（基）舊約經書之一；富戲劇性，內容為上主對人之考驗以及人之反應。 
bishop's train	主教長（尾）禮服往昔主教大禮服的長尾巴－拖曳至地的長袍。現已廢除。 
minor prophets	小先知指舊約中的歐瑟亞 Osee 、嶽厄爾 Joel 、亞毛斯 Amos 、亞北底亞 Abdias 、約納 Jonas 、米該亞 Micheas 、納鴻 Nahum 、哈巴谷 Habacuc 、索福尼亞 Sophonias 、哈蓋 Aggeus 、匝加利亞 Zacharias 和瑪拉基亞 Malachias 等十二人。 
Confraternity of the Holy Rosary	玫瑰會為教友善會，參加者每週應誦念三串（份）玫瑰經，以表孝愛聖母之熱忱。 
quality of life	生活品質泛指幸福美滿、安和樂利、心滿意足等生活。有好壞、高低之別。包括多層次的生活人類環境、物質、社會、政治、思想、藝術、心理、倫理、宗教生活等等。基督徒的生活品質強調宗教經驗、人的整體觀、愛的付出、追求靈性和永恆的生命等等。 
oath (vow) of stability	心願；固定願會士在修會中所矢發的終身不渝之誓願。 
Apostolic Constitution	宗座憲令。 
final Judgement	最後審判；公審判。詳見 Judgement, general 。 
Master of Ceremonies	司儀教會禮儀中指揮禮節、依禮規進行的人。 
provincial commissary	准省會長某些修會工作地區，因條件不足，不能成立會省，但因實際需要而仍劃為會省（規模）的上司，稱之為准省會長。 
Council of Jerusalem	耶路撒冷會議眾使徒于西元 49 年，聚集耶路撒冷討論非猶太人進教問題之會議，有伯鐸、保祿、雅格等多人參加（宗十五 4-29)。可算是（非制式的）大公會議。 
St. Ignatius of Loyola	聖（依）納爵．羅耀拉(1491-1556)原為西班牙軍人，蒙主召選晉鐸後，于 1534 年創立了耶穌會； 1622 年列入聖品；紀念日在七月卅一日。 
corporal works of mercy	 有形哀矜（施捨）；物質援助（佈施）；慈善工作按昔日要理問答記載共七項食饑者、飲渴者、衣裸者、探病者、舍旅者、贖擄者、葬死者（參閱瑪廿五 31-46)。 
apostolic delegate	宗座代表；教宗代表不具外交身分的教宗代表。如教廷駐華代表剛毅總主教、蔡甯總主教等。詳見 papal legate 。 
divine providence	天主照顧；天主上智的安排；天佑指慈愛與全知的天主對受造物的照顧和引導。拉丁文為 providentia divina 。 
religious congregations	修會指男女教友獻身教會，誓發神貧、貞潔、服從三願，共度獻身生活的團體。各修會雖在生活方式或服務專案上有所不同，但都是隸屬於天主教體制內的團體，亦即均與教宗共融，並非教派。 
argumentum (L.) ad hominem	人身攻擊的論證對人之弱點所作主觀的（偏差）論證。 
Your Grace	閣下英國基督徒對總主教的尊稱；第二人稱。美國用 Your Excellency 。 
His Grace	閣下英國基督徒對總主教的尊稱；第三人稱。美國用 His Excellency 。 
the act of hope	 (1) 發望德；望德行為。 (2) 望德頌。 
major superior	高級上司（長上）職掌修會會省以上會務者。 
the Swiss Guards	教廷侍衛（衛兵）；瑞士衛隊主要任務是護衛教宗安全；梵蒂岡的警衛皆為（講德語的）瑞士籍衛兵負責。由教宗猶利 Julius 二世於 1510 年組成。必要時羅馬員警也會從旁協助。 
grave sin	大罪；重罪；死罪在嚴重事項上明知故犯天主的誡命，因犯罪者自絕於天主之寵愛，與天主為敵，形同自殺，故又稱作死罪。 
Mass stipend	彌撒獻儀請司祭（神父、主教）為某特別意向奉獻彌撒時，所致送的獻儀，通常是現金。是教友支持教會的表示，聖保祿曾提出牧羊人有權吃羊奶的理論根據（格前九 7)。 
His Holiness	陛下；宗座對教宗的尊稱（第三人稱）。 
the Sapiential Books	智慧書舊約歌頌天主及人類智慧的叢書，包括聖詠、箴言、訓道篇、雅歌、智慧篇。 
Presbyterian Church	長老教會。詳見 Church, Reformed 。 
Apostolic Church	從宗徒傳下來的教會即天主教會。詳見 marks of the Church 。 
the Good Thief	右盜在耶穌右側同時被釘十字架而回頭改過的強盜；相傳名叫狄司馬 Dismas （參閱路廿三 39-43)。 
parochial Mass	堂區彌撒堂區中在固定時間供大眾參與的彌撒。 
Militant Church	戰爭的教會；作戰的教會指為抵抗三仇（魔鬼、世俗、情欲）以爭取永生，仍生活于現世之教會（友）。與受苦的教會－煉獄，和得勝的教會－天堂，同屬基督奧體。 
spiritual director	神修指導；靈修導師；神師（神父）。 
Rite of Lyons	里昂禮梵二前法國里昂教區專用禮儀，亦即昔日的高盧禮。 
burial Mass	安葬彌撒；殯葬彌撒。 
Biblical Inspiration	聖經靈感；聖經啟示特指天主對某些人之啟迪、默感、默啟、默示，使人知道祂對人類的計畫，推動他們完成天主想要做的事，寫出天主想要說的話；聖經的作者就是在這種（天主）默感推動下寫成的（約卅二 8 ；弟後三 16 ；伯後一 21)。 
liturgical colo(u)r	禮儀慣用顏色指祭衣（祭服）和教會飾物所慣用的各種顏色，始於十二世紀。計分五色白、紅、綠、紫及黑色，間亦用玫瑰色及金色。 
Book of Jonah	約納書；約拿書（基）舊約十二小先知書之一，約成於西元前 400 年，主題是上主的救援遍及全人類。 
papal primacy	教宗首席權。詳見 Peter, primacy of 。 
the Book of Tobit	多俾亞傳舊約之一部，記述一個充軍亞述，熱心猶太家庭的傳奇故事。又稱 Tobia 。 
Book of Hosea	歐瑟亞書；何西阿書（基）。見 Osee 。 
Book of Joshua	若蘇厄書；約書亞記（基）舊約史書之一，記載希伯來民族定居客納罕 Chanaan 福地之經過。 
votive candles	獻願蠟燭；獻蠟在祭台或聖像前所奉獻的蠟燭，表達自己的愛心和誠意。 
ecclesiastical burial	天主教葬禮指遵照天主教禮儀所舉行之葬禮。凡已領洗之教友或未領洗之望教者，均可依禮葬于已祝聖過的天主教墓地（又稱聖山），但不禁止火葬（法典 1176)。裂教者、故意自殺者、公開罪人而未悔改者和被開除教籍者，昔日原則上均不得舉行天主教葬禮，且不能葬於天主教公墓中。最新法典則沒有明文規定，為了維護並提高墓地之神聖性，可透過特別法予以規範（法典 1243)。 
liturgical cycle	禮儀週期分耶誕節和復活節兩大週期，此兩週期外則為常年期。耶誕節週期包括將臨期、聖誕期；復活節週期包括四旬期、復活期。 
processional cross	遊行十字引導遊行的十字架。 
the Beatitudes	真福八端；八福；山中寶訓詳見 Sermon on the Mount 。 
the Gentiles	外邦人；異教徒聖經中猶太人對非猶太人之總稱，後來演變成基督徒對非基督徒之總稱－但不包括猶太人。 
the Precious Blood	基督寶血；耶穌寶血 (1) 耶穌十字架上所流的血，救贖了人類。 (2) 司祭祝聖過的葡萄酒變成了耶穌的寶血。 (3) 基督寶血彌撒特別敬禮基督寶血的彌撒。昔日在七月一日有基督寶血節。 
vocal prayer	口禱；念經。 
public cult	公共敬禮。 
Epistle of St. Jude	猶達書；猶大書（基）新約書信之一，相傳由使徒猶達（又名達陡）約於西元 64-65 年間所書；勸告信友堅持信德及愛德，揚棄假學士之邪說。 
rank of feasts	慶節等級；節慶等級；瞻禮等級目前共分主日、節日、慶日、紀念日，餘為平日。 
particular Judgement	私審判每個人死後立刻接受天主的審判。與公審判相對照。 
high priest	大司祭。詳見 high priest 。 
Congregation of Extra-ordinary Ecclesiastical Affairs	非常教務部 1793 年教宗碧嶽六世設立，以處理當時高盧王國事件；教宗碧岳七世於 1814 年擴大其範圍，處理全教會一切劃分教區、任命主教等事件。現改為主教部。 
age of reason	理智年齡；懂事年齡指明辨是非、善惡的年齡；教會通常以七歲推定為理智年齡，因而也應受到法律規範。 
Gregorian Masses	國瑞彌撒為同一意向連續舉行卅日的彌撒。 
the Bible	聖經是一部載有天主聖言的著作，是由聖神啟示而寫成，也是天主向全人類發出的救恩訊息，又稱 Scripture 。 Bible 取自希臘文之 Biblion ，意指經書，拉丁文稱作 Biblia ；聖基所（又稱金口若望 John Chrysostom 344-407)始用此字指新、舊約全部。聖經雖由許多人寫成，卻不失為一體，因為天主自己是作者。聖經共計 73 卷，其中舊約亦稱古經 Old Testament 共 46 卷，新約亦稱新經 New Testament 共 27 卷。詳見本書附錄。 
Paschal Mystery	逾越奧跡指基督超越死亡、光榮復活，亦即由黑暗至光明、戰勝奴役、恢復自由之救世奧跡。 
regulation of births	調節生育。
the chaste Spouse	淨配指未圓房之夫妻。天主教專指聖母與聖若瑟的婚姻關係為淨配。 
Methodist Church	衛理會；循道會。詳見 Methodism 。 
Father of the Church	教父指初期的教會作家，以正統的教義和聖潔的生活著稱，因此受到教會嘉許，而被視為信仰之見證人，其特徵是年代久遠、正統教義、生活聖潔、教會嘉許。 
Book of Judith	友弟德傳舊約史書之一，記述猶太孀婦友弟德刺殺亞述國之將領，拯救以色列人脫離亞述國侵襲 之經過。 
pastoral council	牧靈委員會每一教區應成立牧靈委員會，對教區的牧靈工作，加以研究、探討，並提出實際的結論（法典 511)。 
causa finita (L.) Roma locuta	羅馬一發言，問題就解決乃聖思定名言，表示教宗一言九鼎，羅馬說了，便決定了。 
Sacrament of Reconciliation	和好聖事；告解聖事。詳見 Penance, Sacrament of 。 
territorial prelature	自治監督區因特殊環境而托給某一監督 prelate ，管理某一特定地區教友，以牧人身份治理之，一如教區主教（法典 370)。與自治會院區 territorial abbacy ，以及自治社團 personal prelature 很類似（法典 294)。 
non (L.) placet	不贊成教會人士開會時表示反對所慣用之拉丁語。 
Vigil of Pentecost	五旬節前夕聖神降臨前一日。 
conditional Baptism	條件洗禮當懷疑洗禮的有效性時（在不知是否已接受或能否接受洗禮的情況下），為慎重起見所舉行之有條件的（第二次）洗禮。 
Sanctuary Lamp	聖體燈在供放聖體的地方所燃的長明燈。通常為紅色，表示聖體之所在，代替（表）世人陪伴聖體，並提醒世人前來朝拜耶穌。 
Mass of dawn	昧爽彌撒；黎明彌撒耶誕節的第二台彌撒。又稱 Aurora, Mass of the 。 
ecclesiastic tradition	教會傳統（承）。 
St. Francis Xavier	聖方濟．薩威舊譯方濟各沙勿略(1506-1552)，西班牙籍耶穌會神父， 1541 年到印度、麻 六甲 及日本各地傳佈福音，達十年之久，勸化多人歸正。 1552 年死於中國上川島。被教會奉為傳教區主保。 
the illuminative way	明路經由積極修德，追隨耶穌芳蹤，走向光明大道。神修理論中，有人把神修分為三級煉路 purgative way 、明路 illuminative way 及合路 unitive way 。意謂積極修德努力追隨基督之階段。明路為第二級。 
Mass of the Aurora	黎明彌撒；昧爽彌撒耶誕節三台彌撒中的第二台。其他兩台是子時彌撒（第一台）和天明彌撒（第三台）。 
receive the Holy order	領受聖秩（職）；領受神（聖）品。 
ecclesiastical courts	教會法庭。 
Chinese Catholic Bishops' Conference	天主教中國主教團。詳閱 Chinese Regional Bishops' Conference 。 
Book of Judges	民長紀；士師記（基）舊約七書之一，作者不詳，記載自若蘇厄死時起，至達味時代，眾民長（民族英雄）之英勇故事。 
apostolic zeal	傳教神火；宣傳宗教之熱忱。 
the Columban Fathers	高隆（龐）會 1918 年喀（賈）爾文神父(Edward J. Galvin)成立於愛爾蘭的（男）修會。 1920 年率會士來華傳教，後任漢陽主教。 1922 年成立高隆修女會 The Columban Sisters 。 
Ash Wednesday	 聖灰禮儀星期三指紀念耶穌受苦受難的四旬期開始，在星期三舉行聖灰禮儀儀式－在額頭上敷以聖灰，提醒教友「人原來是土，將來仍要歸於灰土」（創三 19)，或「你們要悔改，信從福音！」（瑪一 15)。 
the angelic hymn	天使之歌；光榮頌；「天主在天受光榮」頌指彌撒中所誦（唱）的光榮頌；拉丁文為 Gloria in Excelsis Deo ；又稱大榮福頌或聖三光榮頌，前兩句是天使向牧人報告耶穌降生的喜訊「天主在天受光榮，主愛的人在世享平安」（路二 14)。可參閱 doxology 。 
Book of Genesis	創世紀；創世記（基）舊約第一部；描述萬物起源，表示上主與世人和以色列最初訂立的盟約。普通以為梅瑟所作，資料來源出自口傳。 
St. Bartholomew	聖祿茂；巴爾多祿茂；巴多羅邁（基）耶穌十二宗徒之一。 
sanctifying grace	寵愛；聖化聖寵。詳見 grace, habitual 。 
mental prayer	心禱；默禱；默想。 
Epistle to the Galatians	迦拉達書；加拉太書（基）新約保祿書信之一，致迦拉達教會之書信，撰於西元 56-57 年之間；保祿一則極力證明自己的宗徒職權，一則力陳舊約法律為成義無用，必須靠對基督的信德，最後提出了生活的勸言。 
Gospel of St. Mark	馬谷福音；馬可福音（基）新約四部福音之一，相傳為新約成書最早之一部，用希臘文寫成，寫作的對象是信奉基督的外邦人，曾具體描述基督所行的奇跡，以證明祂具有超自然的能力。 
paschal candle	復活蠟燭；五傷蠟象徵受難與復活的耶穌。 
Holy Spirit	聖神；聖靈；天主第三位聖父、聖子、聖神是三位一體的天主，而聖神是三位一體天主的第三位。同 Holy Ghost 。 
titular abbot	名譽隱修院院牧（長）；領銜隱修院院牧（長）。 
Canticle of Zachary	匝加利亞歌；贊主曲出自路一 68-79 ，教會於每日晨禱時誦念。 
adoration of Heart of Jesus	耶穌聖心敬禮心是愛的標記，敬禮耶穌聖心表示還報耶穌對人類的愛。參閱 Sacred Heart of Jesus 。 
Sacred Congregation of the Sacraments	聖事部教廷部會之一，管理有關聖事之一切事項，由教宗碧嶽十世(St. Pius X)成立於 1908 年，現改為 Congregation for Divine Worship and the Discipline of the Sacraments 敬禮與聖事紀律部。 
apostolic benediction	教宗祝福。詳見 blessing, apostolic 。 
Epistle to the Thessalonians	得撒洛尼書；帖撒羅尼書（基）乃聖保祿宗徒於西元 51-52 年間寫給得撒洛尼信友的書信，為解答他們的疑難問題，並改正他們的毛病。共分前、後書。 
Octave of Pentecost	五旬節八日慶期；聖神降臨節八日慶期。今已取消 
the Vincentians	遣使會；文生會由聖文生（萬生、萬桑）．味增爵 St. Vincent de Paul (1580-1660)于 1625 年創立于法國的修會，該會以培育聖職人員和救濟窮人為宗旨。 1699 年來到中國，除供職朝廷外，並在河北、蒙古、河南、浙江等地傳教。臺灣光復後也來臺北、嘉義、台南及高雄教區服務。舊稱味增爵會。 
ascetical theology	神修學；靈修（神）學；苦行學講授有關愛主愛人、克己苦行、度嚴格自律生活的神學。 
Society of the Propagation of the Faith	傳信善會；傳信會由法國雅麗歌小姐(Pauline Jaricot 1799-1862)于 1882 年成立于里昂，以幫助傳教地區之經費為目的。 1923 年由傳信部接管。傳信會在世界各地設有分會，向教友勸募後，彙集羅馬總會，再由總會按各地需要分配。 
Sacred Congregation of Council	會議（聖）部 1564 年由教宗碧嶽四世設立。 
Sacrament of Ministry	聖秩（職）聖事。詳見 Orders, Sacrament of 。 
act of faith	 (1) 信心行為；啟發信德。 (2) 信德頌慣用祈禱文之一。 
Sacred Congregation of Rites	聖禮（聖）部教廷部會之一， 1587 年由教宗思道五世(Sixtus V)創立，管理聖禮及有關聖人列品等事項，現已改分為兩組 (1) 禮儀或敬禮組審查有關敬禮的禮儀。 (2) 司法或調查組管理列品（真福，聖品）案件。 
diocesan synod	教區會議教區主教所召開的全教區會議，出席成員除主教、副主教、主教代表外，也包括司鐸、平信徒、修會代表等（法典 460-468)。 
the Benedictus	 (1) 讚美歌；贊主曲；以色列頌為匝加利亞讚頌其子為救主前驅之歌（路一 68-79)。 (2) 有福頌昔日歌唱彌撒中歡呼歌 Sanctus 分兩段唱出，該詞為後半段之首字，拉丁文為 Benedictus 。現在前後兩段一併唱出。彌撒中讚美歌譯為「奉上主名而來的，當受讚美，歡呼之聲，響徹雲霄」（瑪廿一 9)。 
ecumenical movement	大公運動乃廿世紀以來，用來稱謂基督信徒（各宗派間）努力謀求合一的運動，甚至將此運動擴展到與猶太教和其他非基督宗教的交談上。簡稱 EM 。 
general superior	總會長；總長職掌某修會全會會務者。 
habitual grace	寵愛；常存聖寵是常的向善傾向，使人依照天主的召喚而生活和行動；是天主賜給沒有大罪的善人之超性生命，得以分享天主的生命，成為天主的義子義女，蒙天主鍾愛。又稱聖化聖寵 grace, sanctifying 。 
Tower of Babel	巴貝耳塔；巴別塔（基）；分音塔。諾厄子孫想建一所摩天塔向世人炫耀，但因此舉違背天主的旨意，因此天主讓他們語言分歧，以致半途而廢，進而四散各地（創十一 1-9)。 
mental restriction	意中保留。詳見 mental reservation 。 
Epistle to the Philippians	斐理伯書；腓立比書（基）保祿書信之一；流露出保祿對信友的親切慈愛，就像父親規勸子女一樣。 
primacy of the pope	教宗的最高神權；教宗首席權；繼承聖伯鐸首席權。詳見 pope 和 Peter, primacy of 。 
the genealogies of Jesus	耶穌的族譜瑪竇和路加福音分別記載了耶穌的族（宗）譜。路加從耶穌開始，經由達味王、亞巴郎，上溯到亞當，以證明耶穌為全人類的救主。而瑪竇從亞巴郎開始，經由達味王，直到耶穌，證明祂就是預許的默西亞。二族譜的名字也不盡相同，路加大約著重血統關係，而瑪竇可能是按照世系法列出。 
pauline privilege	保祿特權。詳見 pauline privilege 。 
fraternal correction	友誼規勸協助他人避免犯罪或犯錯（瑪十八 15-17 ；得三 15)。 
human and cultural activity	人類文化與活動。 
beatific vision	榮福直觀。詳見 beatific vision 。 
apostolic vicariate	宗座代牧區。詳見 apostolic vicariate 。 
the Western Church	 西方基督教會；西歐天主教；拉丁禮（儀）教會以拉丁文為教會語言、隸屬于教宗的天主教會。與東方禮（儀）教會相對照，東方禮天主教雖然禮儀和語言有所不同，但仍隸屬同一教宗，同為一個天主教會。 
the Protestant Reformation	宗教改革；改教運動十六世紀的西歐信友，對宗教生活的反感而導致的宗教改革。發起者是馬丁．路德 Martin Luther (1483-1546)，原為天主教思定會會士，因不滿當時教會之某些故步自封作風，於 1517 年提出「九十五論題 Ninety-Five Theses 」，與教會分道揚鑣；是為基督教更正宗（或稱耶穌教、誓反教 Protestants)之開始。當時天主教斥之為拒絕基督徒真理之行動；然而痛定思痛之餘，在特利騰大公會議(1545-1563)中也適時激發了內部的改革而得以復蘇。 
Pope John Paul I	教宗若望保祿一世就任教宗 34 天后即去世(1912-1978)，世人稱之為「微笑教宗」。 
imperfect contrition	下等痛悔因畏懼天主、或因羞愧、或恐受罰而生的悔罪行為。為辦告解的要件之一。 
Apostolic Dataria	教廷審計院。又稱 Apostolic Datary 。 
to make the sign of cross	畫十字；請聖號畫十字乃信仰的宣示，多用於宗教儀式前後。通常畫十字時口念因父，及子，及聖神之名。阿們。詳閱 Sign of the Cross, to make the 。 
spiritual reading	閱讀聖書；看聖書。 
Apostleship of Prayer	祈禱宗會。詳見 Apostleship of Prayer 。 
Council of Elvira	厄耳維拉主教會議西元 324 年舉行於西班牙厄耳維拉城的會議；會中決定主教、神父、六品應獨身；為天主教聖職人員獨身法之起源。 
the Books of Machabees	瑪加伯書。舊約史書最後一部，分上、下兩書，記載紀元前二世紀，猶太人保衛宗教自由的戰爭，書以希臘文寫成。亦稱 Maccabees 。 
biblical authenticity	聖經的權威性；聖經的可靠性；聖經的正統性。 
scholastic theology	士林神學中世紀之經院神學。 
Little Office of Blessed Virgin Mary	聖母小日課採取日課形式，但較日課簡化的特敬聖母之祈禱文，昔日不少會士及教友誦念之，今多改念（已簡化之）日課。 
clergy conference	神父會議；聖職會議；教士會議堂區司鐸集會討論牧靈問題。亦可稱為 pastoral conference 。 
Sacrament of Penance	懺悔聖事；告解聖事；和好聖事；辦告解（神工）信徒懷著悔改之心，向合法的司祭（鐸）告自己（領洗後所犯）的罪，後者代表天主赦免其罪，使之與天主及教會重修舊好（法典 959)。又稱 Confession, Sacrament of 。 
Gospel of St. Luke	聖路加福音新約四福音之一，為希臘人路加所寫，約成於西元 62 年前，為使外邦人對基督之福音獲得正確的認識，強調基督是全人類的救主，而對基督誕生的描述更是膾炙人口。 
diriment (nullifying) impediments	無效限制使人無能力有效地締結婚姻；其中包括由婚姻本身而產生者、為保護善良風俗者、為保護信仰者。惟有天主教最高當局可聲明神律的婚姻限制（無效或不法），亦可為領洗者制定其他婚姻限制（參閱法典 1073-1094)。 
plenary council	全區主教會議；全國會議同一主教團內的所有地區所召開的會議（法典 439)。中國 1924 年所召開的上海會議即用此稱呼。 
sabbatical year	安息年；休假年源自猶太人每七年就休耕並緩債一年（參閱肋廿五章）。 
the antiphons of Our Lady	聖瑪利亞對經共四首大哉救主之母 Alma Redemptoris Mater 、萬福天上母后 Ave Regina Caelorum 、天上母后歡樂吧 Regina Caeli 、母后萬福 Salve Regina ；在每日夜禱中，分別於將臨期、四旬期、復活期、常年期誦或唱。 
grains of incense for the paschal candle	五傷釘五傷蠟上的五枝用乳香製成的釘子，代表耶穌被釘的五個鐵釘。 
finance council	經濟委員會每一教區應設立經濟委員會，由主教擔任主席，委員會成員中，主教應至少任命三位精通經濟、民法、品德無缺的信徒（法典 492)。 
Eastern Church	東方教會指源於東羅馬帝國的教會及其信友團體。與西方曾有三次分裂經驗奈斯多利之爭(431 年）、一性論(451 年）、新舊羅馬之爭(1054 年）。事實上，統一的教會並不排除多元化真理傳達的方法、禮儀、法律和管理的結構容或有所不同，因而有東、西方禮儀之別。東方禮有五種亞歷山大禮、安提約基禮、加式丁禮、亞美尼亞禮和拜占庭禮。其中拜占庭禮流傳既多又廣，名稱也不一，如東正教、東方正統教會、希臘斯拉夫教會等等名稱。東方教會有的與教宗保持共融，有的則分道揚鑣。 
diocesan bishop	教區主教指接受委託照顧一個教區的主教。否則稱為領銜主教 titular bishop （法典 376)。 
secular clergy	教區聖職人員；在俗聖職人員為直屬于教區主教的聖職人員，以別于修會聖職人員 regular clergy 。今多稱 diocesan clergy 。 
Finding of the True Cross	尋獲十字聖架紀念西元 326 年君士坦丁的母親－海倫太后在聖地尋獲耶穌被釘的十字架之事蹟。 
Ring of the Fisherman	漁人指環（印信）；教宗權戒。詳見 Ring of the Fisherman 。 
Holy See	聖座；宗座教宗所轄之區域及許可權－全球的天主教會。又稱 See, Apostolic 。參閱 Curia, Roman 。 
original innocence	原始無罪狀態原祖亞當、夏娃墮落前之情況。 
domestic prelate	蒙席原指供職教宗宮廷的聖職人員，現為有功於教會的聖職人員的一個榮銜。 
Our Lady of Perpetual Help	萬應聖母。詳見 Our Lady of Perpetual Help 。 
the Sanctifying power of the Church	教會的聖化權。 
seal of confession	告解保密。詳見 seal of confession 。 
Code of Canon Law	天主教法典；聖教法典；教會法典；教律又可稱為 ecclesiastical canons / law ；拉丁文稱作 Codex Iuris Canonici ，簡稱 C.I.C. 。此法典 1917 年首次公佈，共 2414 條。 1983 年修訂為 1752 條，共七卷 (1) 總則。 (2) 天主子民。 (3) 教會訓導職。 (4) 教會聖化職。 (5) 教會財產。 (6) 教會刑法。 (7) 訴訟法。 
altar wine	 彌撒酒彌撒中為祝聖耶穌聖血所用的（特製）純葡萄酒。 
religious tolerance	宗教容忍指尊重、同情、友愛地對待與自己信仰不同的人。是基於對人權的尊重；但容忍不等於贊成對方的信仰，也不表示對宗教信仰持模棱兩可態度。 
divine tradition	聖傳。詳見 tradition 。 
moral virtue	道義之德；倫理之德；倫理德性指一切合乎人性及神律修養（向善）的好習慣，使人易於正確地達到超性目的，主要有智、義、勇、節四樞德和服從、貞潔、謙虛、善良等等。 
canonical age	教會的法定年齡未滿七歲者為嬰兒，七歲至十八歲者為未成年人，滿十八歲者為成年人（法典 97)。教會法規定滿十四歲者應守小齋，滿十八歲至五十九歲者應守大齋（法典 1252)。結婚的最低年齡，男子應滿十六歲，女子應滿十四歲（法典 1083)。男女修會會士發暫願需滿十八歲，發永願需滿廿一歲（法典 656-658)。晉鐸需滿廿五歲（法典 1031)。晉牧（主教）需滿卅五歲（法典 378)。 
The Ten Commandments of God	天主十誡天主在西奈山授與梅瑟（摩西）的誡命（出廿 1-17 ；申五 6-21 ；瑪五 17-47)。十誡為 (1) 欽崇一天主在萬有之上。 (2) 毋呼天主聖名，以發虛誓。 (2) 守瞻禮主日。 (4) 孝敬父母。 (5) 毋殺人。 (6) 毋行邪淫。 (7) 毋偷盜。 (8) 毋妄證。 (9) 毋願他人妻。 (10) 毋貪他人財物。又稱 Decalog (-ue)。耶穌把十誡歸納成愛的法律愛天主在萬有之上、愛人如己。 
communion of saints	諸聖相通（功）指教會所有成員，包括天堂上的、煉獄中的、現世的成員，在天主聖三的生命與幸福中互相依賴、彼此援助。 
married clergy	已婚聖職人員已婚（天主）教徒之成為聖職人員者，尤指東方禮天主教已婚的聖職人員。 
oil of catechumens	候洗者聖油；慕道者聖油。 
ferendae (L.) sententiae	待科罰。詳見 poena ferendae sententiae 。 
Christ the King	基督普世君王（節）為教宗碧岳十一世於 1925 年所創立，在教會禮儀年曆的常年期最後一個主日慶祝。 
works of charity	慈善事業；慈善工作；愛德工作。 
papal colo(u)r	教宗旗。詳見 papal flag 。 
in purgatory souls	煉獄靈魂；煉靈那些沒有重罪或重罪已得赦免，但因有小罪或罪罰尚未解除的人，死後需經過煉淨－稱他們為煉靈，等煉淨俱備必要聖德後方能升天。 
Book of Amos	亞毛斯書；阿摩司書（基）舊約小先知書之一；亞毛斯生於紀元前八世紀，他責斥人民的罪惡、預言北國的滅亡、也預言默西亞王國的來臨和萬民的歸正。 
guardian angel	護守天使；護守天神天主為每一個人所指派的守護者（瑪十八 10)，每年十月二日為護守天使紀念日。 
inter-diocesan council	各教區間會議如臺灣地區主教會議。 
the seven sacraments	七件聖事指聖洗 baptism 、堅振 confirmation 、聖體或感恩 Eucharist 、告解或懺悔 penance 、病人傅油 anointing of the sick 、聖秩 holy orders 、婚姻 matrimony 等七件聖事。 
Sacred Congregation of Religious	修會聖部羅馬教廷部會之一， 1586 年由教宗思道五世(Sixtus V)成立，幾經改組；主管有關修會及度共同生活之教會團體(religious Institutes)之行政、紀律、學術研究、財產、特權等。 1967 年 8 月教宗保祿六世(Paul VI)改名為修會及俗世部(Sacred Congregation of Religious and Secular Institutes)。今改為奉獻生活及使徒團體部 Congregation for Institutes of Consecrated Life and Societies of Apostolic Life 。 
to accomplish the will of God	 奉（承）行天主聖意；順從天主的安排指奉行天父在基督內所定的救恩計畫。在日常生活中，不斷探討及分辨天主的旨意，之後採取行動，予以實踐。耶穌所傳授的天主經內指示「願（天主）的旨意奉行在人間，如同在天上」。 
eternal punishment	永罰指罪人下了地獄，永遠與天主隔離的處罰。 
Catholic of Eastern Rite	東方禮天主教教友包括埃及禮 Coptic 、衣索匹亞禮 Ethiopian 、敘利亞禮 Syrian Rite 、加爾底亞禮 Chaldean Rite 、亞美尼亞禮 Armenian Rite 、南印度馬拉伯禮 Malabar 、南印度馬朗卡爾禮 Malankar 、馬勞尼特禮 Maronite 、拜占庭禮 Byzantine Rite 等。東方禮天主教與西方拉丁教會之禮儀雖各有千秋，但在信理和與教宗共融上卻完全一致。 
the four ends of the Mass	彌撒四目的崇拜、補贖（痛悔）、謝恩、祈求。 
apocryphal Gospel	偽福音書近似福音而未經教會認可的初期教會（一至五世紀）之作品。 
St. Ambrose	聖安博義大利米蘭教區主教，聖師之一，曾協助聖思定皈依。舊名盎博羅削。 
Sacrament of the Anointing of the Sick	病人傅油聖事；病人聖事；終傅聖事（舊稱）七件聖事之一，司鐸用聖油敷抹病人，並誦念規定經文，藉以將病人託付給基督，求祂賜與安慰和拯救（法典 998)。因此教友病重時，應請神父傅（敷抹）聖油，使之增加恩寵，赦免罪過，並減輕其精神及肉體方面的苦痛，有時也會恢復病患之健康（雅五 14-15)。舊稱 Extreme Unction 。 
divine law	神律；天主的法律；永律指天主為全人類所頒佈的法律，分 (1) 自然律 natural law ，天主在宇宙中所定的規律，譬如人的良心便是天主為人訂的避惡行善之標準。 (2) 明（成）文律 positive divine law ，譬如天主透過梅瑟所頒佈的十誡，以及耶穌所傳授的彼此相愛的命令。又可稱為永律 law, eternal 。 
Diet of Augsburg	奧斯堡帝國議會由查理五世於 1530 年所召開，主要為解決日爾曼的宗教問題。 
seven deadly sins	七罪宗。詳見 sins, capital 。 
papal bull	教宗詔書；教宗訓諭為教宗所頒發的最隆重之文告；通常以「某某主教，天主眾僕之僕」字句開始；如任命主教的文告即是。拉丁語原文為 Bulla ，指鉛封而言。教宗使用的公文程式均為拉丁文，共分五種 (1) 詔書 Bulla 。 (2) 自動詔書 Motu Proprio 。 (3) 通諭 Littera Encyclica 。 (4) 宗座簡函 Brevis 。 (5) 牧函 Littera Pastoralis 。 
mystical theology	神秘神學講授、尋求、接近天主，藉以瞭解人類所不能明白的真理。 
sacred vestments	祭衣（服）司祭舉行宗教儀式時所穿的特製服飾。 
divine economy	天主創造的計畫；天主創造萬物；天主永恆措施；天道。參閱弗三 9 。 
suffragan bishop	教省隸屬主教教省中主席為總主教，其他主教均為教省隸屬主教，亦即教區主教。總主教對其隸屬主教只有監督教義和紀律的權利和義務，以及召集省會議與接受教會法庭上訴的職責，但對隸屬主教並無治理權（法典 435-436)。參閱 bishop, residential 。 
Book of Sirach	息辣書；德訓篇；教會經典舊約智慧書之一，勸人應以敬畏上主為生活的準則，並以守法為獲得幸福的基礎。 
Arguments for Existence of God	天主存在的論證；天主實有證明人從外在客觀事實及主觀體驗、思考，足以推測出天主的存在。譬如從原始動能、宇宙的基源、第一因、最高秩序的佈置者和管理者、最高的立法者、真善美聖的根源、絕對的實有、科學家的驚奇發現、文學家和藝術家美妙的作品等等論證，可以發現天主就在我們四周，所謂舉頭三尺有神明，祂是全能、全知、萬美、萬善、無始、無終 … 的造物主、審判官、慈愛的天父。 
Mass of the faithful	信友彌撒今稱聖祭禮儀，指自奉獻禮至領聖體部分，屬於彌撒的聖祭禮儀，與前一段的聖道禮儀共同構成彌撒之全部。 
the Redemption	救贖；拯救；救援世人因原罪而失寵於天主，但天主因愛人而派遣了救贖者－聖子耶穌降生、被釘十字架，讓世人重回天主懷抱。 
National Catholic Almanac	美國天主教年鑒美國方濟會每年出版的手冊，是一本介紹美國天主教的實用參考書。 
biblical theology	聖經神學；聖經中的神學討論有關聖經的神學。 
human right	人權。詳見 human right 。 
civil law	民法；國法國民應憑良心遵守正義、合理的國法，因為其權力是來自天主。 
to make the sign of the cross	畫（請）十字聖號；畫十字；請聖號十字聖號表示基督徒基本信仰之記號，因為十字乃耶穌死而復活之標幟。畫十字聖號之方式如下 (1) 小聖號用右手姆指在額頭、口唇上及胸前各畫三個小十字，其過程是以十字聖架號－在額頭上畫十字，天主我等主－在口唇上畫十字，救我等於我仇－在胸前畫十字。彌撒中福音前畫此聖號。 (2) 大聖號用右手由額頭至胸，再由左肩至右肩，畫一個大十字，其過程是因父及子－用右手由額頭轉到胸口，及聖神之名－再由左肩轉到右肩，阿們。一般祈禱前後多畫此聖號。 (3) 有時大、小聖號合用，先畫小聖號，再畫大聖號。 (4) 神父祝福或降福時，面向會眾用右手畫一大十字，又稱 bless ，主教和教宗祝福時則畫三個大十字。 
perpetual vows	終身願；永願；末願；大願。同 final vows 。 
natural religion 	自然宗教指以自然為中心的宗教，認為宇宙實體含有靈性的生命和力量，是神臨現的處所，而應以宗教情緒相待。亞洲的自然宗教雖傾向於多神崇拜，但經常也混合著至上神的信仰。又稱原始宗教。 
ordinary jurisdiction	正常管理權；正（常）任管理權。 
Sacred College of Cardinals	樞機團是有權選舉教宗的普世樞機主教團體。 
external forum	外庭；公開範圍；外在範圍指教會處理與公共利益有關的外在行為；屬於法律範圍，如打傷人，以治權可免除其罰。 
the Hail Mary	萬福瑪利亞；聖母經；聖母頌教會最常用的祈禱文之一，又稱天使致候詞 Angelic Salutation ，前半段由天使致候詞（路一 28)及其表姐麗莎(Elizabeth)問候語（路一 42)所組成。後半段為十三世紀由教會所增；另說是由教宗碧嶽五世(1506-1572)所增。全文見 Ave Maria 。 
moral theology	倫理神學；道德神學討論有關人的品行、風紀、行為標準、是非原則、倫理道德等學問，指導人類透過分享天主的生活，以便報答天主對世人的愛。 
the Last Supper	最後晚餐指耶穌受難前夕，與門徒共用的逾越節晚餐，其間耶穌建立了聖體聖事，是最重要的救恩事件（瑪廿六 17-25 ；穀十四 12-21 ；路廿二 7-20 若十三 1-4)。拉丁文稱作 Coena Domini 。 
episcopal visitation	主教視察主教依法典要求，須視察其轄區的各個堂區和機構(396)。 
Divine Person	天主位格；神格。詳見 Personal God 。 
residential bishop	教區主教；正權主教為教區的主管－最高負責人。在聖統制下每若干教區組成一個教省－往往與國家的省或州相同，教省主教稱為總主教，該省其他主教稱為隸屬主教，參閱 bishop, suffragan 。 
Christian commitment	基督徒的效命；基督徒的獻身。 
apostolic administrator	宗座署理為教宗所委任治理某地區的主教（或司鐸）。詳見 administration, apostolic 。 
spiritual Communion	神領聖體指不能實際領聖體時，以心領受的善情。 
profession of faith	信仰的宣認；信仰的表白包括宣佈信仰的行動和經文。譬如教會首長就職前應作信仰的宣認。 
confer the Holy order	授聖秩（職）；授聖品。 
Book of Psalms	聖詠集；詩篇（基）為舊約智慧書七部之一，原為以色列人讚頌天主的詩歌。全書共 150 篇，其中半數為達味 David 所作，故又稱達味聖詠。是一部修心養性的萬用祈禱手冊，耶穌經常引用聖詠向聖父抒懷、感謝、讚頌、祈求。聖詠集在教會禮儀祈禱中佔有舉足輕重之地位。彌撒和日課均大量採用。 
the Vulgate	拉丁聖經通俗本（聖經）指從西元 382 到 405 年間由聖業樂 St. Jerome 所譯成的拉丁文聖經。拉丁文稱作 Vulgata ，簡稱 Vg. 。 
act of contrition	 (1) 悔罪經；痛悔經。常用者為天主耶穌基利斯督，我重罪人，得罪于天主，而今為天主，又為愛天主在萬有之上，一心痛悔我之罪過（三次），定心再不敢得罪於天主，望天主全赦我之罪。阿們。 (2) 發痛悔；悔罪行為。 
the Five Wounds	五傷指基督被釘十字架上兩手兩足及肋旁之傷。 
Sacraments of initiation	入門聖事指成人進入基督徒團體的全套儀式，包括聖洗、堅振、聖體三件聖事。 
Epistle to Titus	弟鐸書；提多書（基）乃聖保祿宗徒寫給門生弟鐸的書信，約於西元 65 年所寫，教導弟鐸管理教會與人靈之道。 
blessing of water	 祝聖聖水通常在聖週六復活前夕禮儀中祝聖聖水。 
the governing power of the Church	教會的治理權。詳見 power of governance 。 
the Lord's Supper	 (1) 最後晚餐指耶穌受難前夕，與門徒最後的一次晚間聚餐（瑪廿六 17-21)，拉丁文稱作 Coena Domini 。 (2) 聖餐；聖餐禮基督徒紀念最後晚餐所舉行之禮儀。 
Sacrament of Confession	懺悔聖事；告解聖事；和好聖事；辦告解；辦神工。詳見 Penance, Sacrament of 。 
Epistles (I, II, III) of St. John	若望一，二，三書新約書信，為第一世紀末葉，使徒聖若望所寫，為若望福音之延續。強調天主是光、是父、是愛；人應彼此相親相愛。 
general Judgement	公審判世界末日時萬民都要接受天主公開、公平、公正的嚴厲審判（瑪廿五 31-46)。又稱 Judgement, final 。 
messianic type	救世主的預像；救世主的預兆指默西亞的預像（兆）。 
ecclesiastical authority	教會權威基督建立的教會，既是人間的團體，需要一些有權力的人，排難解紛、主持聚會、服務會眾。這個來自耶穌任命的權力，就是所謂教會權威。掌權者像父母般，在福傳上，生育、帶領、訓練、培育、指導天主的子女。 
the Supreme Good	至善神哲學用語，指天主。拉丁文稱作 Summum Bonum 。 
the Blessed Virgin	至聖童貞聖母。 
chinese Bible	中（華）文聖經唐朝的景教（異端）未見留下聖經譯文。英國新教早在 1822 年就出版了「新舊遺詔全書」中文聖經。天主教在廿世紀時，始有耶穌會蕭靜山的「新經全集」；直到 1968 年，方濟會思高聖經學會經過多年努力(1945-1968)，才正式出版了全套中文「聖經」譯本，從此天主教總算有了自己的中文聖經。 1975 年，台港聖經公會出版了中文譯本的「新約全書」天主教版。 1998 年，香港天主教國際聖經學會、聖母聖心愛子會、聖言會聯合出版了中文的「牧靈聖經」，提供了我中華兒女多一種的選擇。 
Book of Habacuc	哈巴穀書。舊約先知書；哈巴穀為十二小先知之一，他在神視中，默觀天主威嚴降臨，執行公義的審判，並解答先知的種種疑問；該書約成于紀元前 605-597 年之間。亦稱 Habakkuk 。 
ecclesiastical hierarchy	聖統制；聖秩階級；教會體制；教權制度教會的領導階層 (1) 依聖職品位而言，指神職、神權的秩序，聖統包括主教、司鐸（神父）及執事（六品）（法典 1008-1009)。 (2) 依行政權力而言，指管理、領導的治權，聖統包括教宗、主教及其所轄之聖職人員（法典 333 ； 336)。 
definition of dogma	欽定信條；信理定斷；信理界定指教會最高訓導權－教宗或大公會議的眾主教，以其不可錯的特恩，隆重宣佈應當信從的信仰或道德教義（法典 749)。 
Divine Office	日課。詳見 Breviary 。 
catechetical instruction	教理講授；要（教）理教學；教理訓練為人講授天主教教義，以實踐信仰和基督化生活（法典 773-760)。 take catechetical instruction 指聽講天主教教理。 give catechetical instruction 指講授天主教教理。 
jewish religion	猶太宗教指猶太民族對唯一真神上主（雅威）天主的信仰、禮儀朝拜以及遵守法律的生活態度。由始祖亞巴郎開始，組成了一個敬拜唯一天主的民族，再由梅瑟正式立法。 
formula of absolution	赦罪經和好（告解）聖事中，聽告解的司鐸代表耶穌，赦免懺悔者的罪過時所誦念的經文。 
Book of Esther	艾斯德爾傳；以斯帖記（基）舊約史書之一，記載紀元前四世紀末，猶太女英雄艾斯德爾拯救猶太人免於滅亡厄運的事蹟。 
hypostatic union	位格聯合神學上基督之天主性位格與人性位格之合一。 
Eucharistic Species	聖體之（餅、酒）形像祝聖後之面餅成為耶穌聖體，葡萄酒成為耶穌聖血，但外表的餅、酒形像依舊。又稱 Sacred Species 。 
Book of Wisdom	 智慧篇（書）舊約之一，寫於西元前第二世紀初，作者不詳，書中將自己的訓誨、教導歸功於「智王」撒羅滿，旨在安慰並堅固僑居海外的猶太同胞。 
diocesan council	教區會議。詳見 synod, diocesan 。 
spiritual works of mercy	 神哀矜（施捨）；精神援助（佈施）如祈禱、克苦等；按昔日要理問答記載共七項以善勸人、啟誨愚者、責有過者、赦侮我者、恕人醜行、為生者祈（禱）、為死者祈（禱）。 
efficacious grace	實效聖寵；有效聖寵在靈魂上能發揮功效的聖寵。 
feast of All Saints	諸聖節；萬聖節（基）人類所知的天朝聖人非常有限，為免遺珠之憾，教宗博義四世(608-616)於西元 608 年將羅馬之萬神廟(Pantheon)獻給聖母及全體殉道者。教宗國瑞四世(827-844)於 834 年訂十 一月一日 為諸聖節，通令普世教會特別紀念並恭敬所有已升天的聖人、聖女。英國稱為 All Hallows 。 
titular archbishop	領銜總主教即享有總主教的名銜而無管區的高級聖職人員。 
Sacrament of Orders	聖秩聖事七件聖事之一，是在基督徒中，某些男性透過聖秩聖事的神印，被立為聖職人員，就是被祝聖，並被委任，按照不同的等級，負起教導、聖化、治理的職務，並牧養天主的子民。聖秩等級分為主教、司鐸（神父）、執事（六品）（參閱法典 1008-1054)。又稱 holy order 。 
foreign mission	到國外傳教（佈道）；外方傳教指遵照基督的命令「你們往普天下去，向一切受造物宣傳福音」（穀十六 15)。 
ecclesiastical region	區域性教會某些國家，相鄰之教省可由聖座聯合成為區域性教會（法典 433-434)。 
hell fire	地獄之火新經形容處罰惡人（永不止息）的地獄之火。 
provincial superior	修會之省會長；省長；區會長某修會依其人數之多寡或地區之特性，將某些會院劃為一個會省之負責人。 
Chinese Rites Controversy	中國禮儀之爭。詳見 Chinese Rites Controversy 。 
ecclesiastical calendar	教會曆書；瞻禮單記載教會全年禮儀的日曆，又稱 liturgical calendar 。拉丁文稱作 calendarium 。詳見 Ordo 。 
Sacrament of Baptism	聖洗聖事；洗禮；浸（水）禮人經由洗禮，罪過獲得赦免、重生為天主的子女、進而藉神印結合於基督而加入教會。聖洗聖事乃其他聖事之門（法典 849)，拉丁文稱作 baptismus 。 
the Lord's Prayer	天主經；主禱文耶穌親授門徒的祈禱文（路十一 2-4 ；瑪六 9-15)。全文為我們的天父，願禰的名受顯揚。願禰的國來臨。願禰的旨意奉行在人間，如同在天上。求禰今天賞給我們日用的食糧。求禰寬恕我們的罪過，如同我們寬恕別人一樣。不要讓我們陷於誘惑，但救我們免於兇惡。阿們。同 Our Father 。 
midnight Mass	子夜彌撒；子時彌撒子夜時舉行的彌撒；如耶誕節前夕的彌撒。 
Book of Chronicles	編年紀；歷代志（基）舊約史書，又稱 Paralipomenon ，意為「史事補遺」，分上下兩卷，記載自亞當起，至巴比倫被擄期結束－包括居魯士王(Cyrus)准許以色列人返回巴勒斯坦(536 B.C.)在內的事蹟。 
first vows	初願；小願通常以一年到三年為期的過渡性三聖願。 
Books of Samuel	撒慕爾紀；撒母耳記（基）舊約史書之一，分上、下兩卷，作者未詳，約成于紀元前 622 年以後。書中記述由民長末期至達味老年為止的重要歷史（紀元前 1070-970)。依希臘及拉丁通行譯本，將本書上、下與列王紀 Books of Kings 上、下合併，通稱為列王紀，共四卷，為記載以色列歷代君王之正史。 
Epistles of St. Peter	伯多祿前、後書；彼得前、後書（基）新約宗徒書信之一，分前、後書。旨在堅固小亞細亞教友的信德，也駁斥假教師的謊言。 
basic community	基層教會團體。詳見 Basic Christian Community 。 
Pastoral Epistles	牧靈書信保祿所寫涉及牧靈問題的三篇書信，即弟茂德前、後書和弟鐸書。 
Garden of Eden	地堂；樂園；伊甸園舊約創世紀中，人類始祖墮落前所居住的樂園（參閱創二 4-17)。 
home mission	在國內傳教（佈道）有些（不屬於傳教區的）國家，因缺少司鐸而號召修會會士或其他地區神父，來主持並開展國內教務。 
Book of Baruch	巴路克書；巴錄書（基）舊約先知書之一，相傳為巴路克流亡于巴比倫時所著；這位耶肋米亞的忠實弟子，寫書安慰受難的同胞。 
veneration of saints	聖人敬禮指恭敬那些在世效法基督，蒙召升天的基督徒。教會初期開始敬禮聖母和宗徒，後來也敬禮為主舍生的殉道者，逐漸延伸到生活像似基督的聖人，視為基督徒生活的見證和模範。中世紀又借重聖人與天主共融的關係，將聖人當作求恩的物件，發揮諸聖相通功的功效。參閱 veneration 。 
local superior	修會之地方（會）院長職掌修會之基層團體－會院者。 
Holy Roman Church	羅馬天主教會；羅馬聖教；天主教 (1) 特指羅馬教區。 (2) 指西方、拉丁禮教會。 (3) 也可指整個天主教，包括東、西方禮。 
the atonement	神人和解；贖罪經由基督的降生、苦難、聖死，罪人重回天主懷抱。 
St. Matthew	聖瑪竇；聖馬太（基）原是稅吏，後被耶穌召選為宗徒（瑪九 9)，也是瑪竇福音的作者。 
high Mass	大彌撒；詠唱彌撒通常歌唱「求主垂憐經、光榮頌、信經、歡呼歌、除免世罪天主羔羊」等歌曲的彌撒。是梵二大公會議前的稱呼。 
Sacrament of Holy Orders	聖秩聖事；聖品。詳見 Orders, Sacrament of 。 
religious medals	聖牌刻有宗教人物之金屬小牌。教友佩帶聖牌，以提高宗教虔誠。 
canonical provision	法定授予；法定任命；法定委任。 
John Henry, Cardinal Newman	紐曼樞機英國神學家和作家(1801-90)，由英國國教皈依天主教，並升為樞機。 
venial sin	小罪在小事上違反天主的誡命，或雖在大事上，但並不太明瞭、或並非完全故意的違反天意，因此並未自絕於天主，故易於獲得赦免。 
Council of Vienne	維也諾大公會議；維安乃大公會議 1311 年 -1312 年在法國維也諾（維安乃）所舉行的大公會議。 
the Son	聖子；天主聖子；子三位一體天主的第二位。拉丁文為 Filius ，昔日音譯為「費略」，今已不用。 
diabolical possession	附魔指某人被惡神的奇特力量所支配之現象，因而導致自我意識失控。新約稱此力量來自魔鬼或撒殫。有些征狀與精神病類似，若就醫無效，最後教會再決定可否行驅魔（邪）儀式。又稱 possessed by the devil 。 
Book of Jeremiah	耶肋米亞書；耶律米書（基）舊約四大先知之一。耶肋米亞一方面從事拔除、破壞、毀滅、推翻的任務，另一方面執行建設和栽培的使命，預言默西亞必由達味後裔中出生，並建立新的永恆盟約。 
St. Matthias	聖瑪弟亞；聖瑪迪；聖馬提亞（基）猶達斯死後，遞補其缺之宗徒（宗一 1-26)。 
allegoric exegesis	寓意釋經法。 
the Hebrew Bible	希伯來文聖經用希伯來文寫的舊約聖經。 
adoration of the cross	朝拜十字架（苦像）尤指聖周主受難日對十字架的特殊敬禮。又稱 cross, veneration of the 。 
Holy Family	聖家指由耶穌、瑪利亞、若瑟所組成的神聖家庭。 
apostolic tradition	宗徒傳承；宗徒聖傳。拉丁文稱作 traditio apostolica 。 
Pontifical Institute for Oriental Studies	教廷東方研究所 1917 年由教宗本篤十五世(Benedict XV)所創立，研究東方教會的一切事物，附屬于羅馬國瑞大學 Gregorian University 。 
moral law	道德律；倫理律指規範人類避惡行善的命令，包括理性生活、社會生活、基本人權等等。道德律一方面基於萬物的本性，又稱自然道德律 natural law ；一方面基於天主的命令，對基督徒而言，具體表現在聖經的十誡中。與（不訴諸人類意志的）物理律(physical law)相對照。 
supernatural virtues	超性之德天主直接灌注人靈之德，讓每一受洗者得以獲得超性的力量，以助其修德立功。 
Ecumenical Council	大公會議由教宗召集全球主教及有關人士參加的會議。迄今已舉行廿一次；最近一次為　 1962-1965 年所召開的第二屆梵蒂岡大公會議。拉丁文稱作　 concilium oecumenicum 。詳見本書附錄。 
Lateran Council	拉特朗大公會議。詳見　 Lateran Councils 。 
Perform the Way of the Cross	 拜苦路四旬期教友通常（在星期五）集體拜苦路；私人或團體皆可隨時拜苦路，與主共患難。 
Old Catholic Church	老（派）天主教會一群神父及教友，因拒絕梵一大公會議(1869-1870)帶來的改革－尤其教宗首席權和不能錯之信理，而另立門戶，堅持原有的信仰，故名老派天主教會。 
St. Augustine	聖思定；聖奧斯定教會學者、聖師、會祖(354-430)。 
partial indulgence	（有）限大赦；局部大赦。詳見 indulgence 。 
private cult	私人敬禮。 
Triumphant Church	凱旋的教會；得勝的教會；勝利的教會指戰勝罪惡、凱旋升天的天朝諸聖。詳見 Mystical Body (of Christ)。 
obligation of Mass	彌撒義務教友于主日及教會法定節日（耶誕節）有參與彌撒之義務。 
public oratory	公開小教堂修會或某社團公用之教堂，一般教友亦可入內參禮。 
Catholic Action	 (1) 公教進行會。 (2) 公教進行運動。詳見 Catholic Action 。 [ 按公教為天主公教之意 ] 
the teaching power of the Church	教會的訓導權。 
diabolical obsession	附魔；著魔。 
Council of Constantinople	君士坦丁堡大公會議在君士坦丁堡共計召開了四次大公會議。詳見附錄。 
Canon Law	天主教法典。詳見 Canon Law, Code of 。 
act of charity	 (1) 愛德頌經文之一，大意是「天主，我愛禰在萬有之上，並為了禰而愛人如己」。 (2) 慈善行動。 (3) 愛德行為激發愛心的內在或外在的行動。 
discernment of spirits	辨別神類清楚指出一些善神（天主或天使）與惡神（魔鬼）的行動特徵，是靈修術語。聖羅耀拉．納爵對此很有經驗。其心理過程是由外在經驗、感受去瞭解事物，透過反省、審斷就採取行動。 
the faithful	教友；信友；教徒；平信徒；信徒。又稱 Christian 或 laity 。 
Council of Trent	脫（特）利騰大公會議；特倫多大公會議從 1545-1563 年由教宗保祿二世、猶理二世及碧嶽四世在脫（特）利騰（特蘭特）所召開和主持的大公會議。 
the Eastern Church	東方教會；東正教泛指採用與羅馬禮不同的東方禮之基督徒團體。 
Spanish Inquisition	西班牙宗教裁判所 1478 年西班牙女王依撒白拉(Isabella)要求教宗思道四世許可成立法庭，以處罰異端分子，因其手段殘酷，經教宗思道四世指責，無效；直至十九世紀初始取消。 
plenary indulgence	全部大赦；全大赦。詳見 indulgence 。 
Commission of Sacred Archaeology	宗座考古委員會教宗碧嶽九世(Pius IX)于 1851 年成立，旨在探勘並研究地下墓穴(catacombs)和梵蒂岡博物館，其最大貢獻是在伯鐸大殿下發現聖伯鐸之墓。 
dispensation from a vow	豁（寬）免守願許願後因無法、或不願實踐誓願（約）時，可經由教會主管解除之。 
divine will	 天主的聖意（旨）；天主的安排舊約指天主的忠告、恩惠、渴望；新約指天主救人的永恆計畫。 
Book of Proverbs	箴言舊約智慧書七部之一，具有文學小說體裁，全書共分八篇，內容為勸人立身處世、推己及人和敬畏天主的至理名言。 
forms of piety	熱心善功。 
Pontifical Urban University	伍朋大學；吳爾班大學；傳信大學 1627 年教宗伍朋（吳爾班）八世創立於羅馬。開始為學院 College ，後改為大學。 
Congregation of Holy Office	聖職部教廷聖部之一，教宗保祿三世成立於 1542 年；原名宗教裁判所，曾給教會帶來麻煩；現改名為教義部，專司有關信仰、道德事項。 
Epistle of St. James	雅各伯書；雅各書（基）新約書信之一；作者是耶穌的堂兄弟或表兄弟、耶路撒冷的主教，又名次雅格宗徒；書信中充滿山中聖訓的精神，指導教友倫理生活規則。 
the sign of the cross	十字聖號。 
territorial abbacy	自治會院區。詳見 abbot 。 
theological virtues	神學德性；超德；天賦之德單獨直接以天主為追求之物件和目的，亦即信、望、愛天主之三德。 
Book of Revelation	默示錄；啟示錄（基）新約中之最後一卷，為若望宗徒所寫，約完成於紀元後一百年。是新約中唯一的先知書，作者以七個教會象徵全教會；並以基督的最後勝利，鼓勵遭受迫害的教友。又稱 Apocalypse 。 
Holy Father	聖父對教宗的尊稱。 
low Mass	小彌撒只念不唱（某些經文）的彌撒，以別於大彌撒。是梵二大公會議前的稱呼。 
state of perfection	完美境界；成全地步 (1) 絕對完美境界指在天堂上與天主永遠完美無缺的結合。 (2) 相對完美境界指在世界上（以煉路、明路、合路三步驟）與天主有限度的結合。 (3) 修會生活（瑪五 48)。 
spiritual bouquet	神花。詳見 spiritual bouquet 。 
scrupulous conscience	多疑良心因違背常理的懷疑而引起心中的不安，是一種病態。 
Reformed Church	改革（宗）教會；革新教會指十六世紀宗教改革運動後所產生的教會。而長老會在許多非英語國家稱為改革教會。至於天主教本身受到宗教改革運動的刺激和效應，所作的正面回應和修正，稱為天主教復興 Counter Reformation 。 
Holy Ghost	聖神；聖靈天主第三位。又稱作 Holy Spirit 。 
mental reservation	意中保留。詳見 mental reservation 。 
Catholic Church	天主教會；公教會指公教會－天主教會，乃歷史上由耶穌基督親自創立、一直延續到今天的教會。至於其他自稱屬於基督的教會，都是從這古老的天主教會先後分離出來的。明末羅明堅、利瑪竇等傳教士到中國時，將公教會稱為天主教（會），因此「天主教會」就是西文的「 Catholic Church 公教會」。參閱 marks of the Church 。 
the Salesians	慈幼會（士）；鮑斯高會；撒肋爵會義大利人聖若望．鮑斯高 St. Giovanni Bosco (1815-1888)于 1859 年創立于義國北部杜林(Torino)之男修會。以普及平民教育、救助失學青年為目的。首創青年之家，收留街上流浪之不良少年，設職業學校、孤兒院、並出版優良讀物。 1902 年到中國，在廣東傳教。於香港、澳門、上海、北平等地創設學校、孤兒院、青年中心等。在澳門開辦慈幼印書館。 1951 年來臺灣，在臺北創辦華明書局，在台南設慈幼高工，在屏東潮州接辦少年城。該會全名為 Society of St. Francis de Sales 或稱 Salesian of Don Bosco ，簡稱為 SDB ，舊稱 SS 。 
mortal sin	大罪。詳見 sin, grave 。 
titular bishop	領銜主教；名譽（義）主教每位主教接受祝聖時，均應有一名銜；教區主教以其所屬教區為名銜，而對非教區主管（主教），譬如任職教廷的高級聖職人員、助理主教、輔理主教等，教會則給予一個「古老已不存在之教區」的主教名銜。與 bishop, diocesan 教區主教相對照。 
Sacred Congregation of Ceremonies	典禮部教廷聖部之一，管理非宗教禮儀者，如教宗宮廷之禮節等；由教宗西斯篤五世(Sixtus V)成立於 1588 年。 
the Redemptorists	贖世主會乃 1732 年聖雅風（亞豐肅） Alphonsus Liguori 創立於義大利的修會，以在教友生活落後地區（鄉村）傳教為目的。 1928 年來到中國察哈爾省輔佐新創立的主徒會；後到河南西平傳教。該會全名為 Congregation of the Most Holy Redeemer ，縮寫為 C.SS.R. 。 
positive theology	實證神學利用啟示、聖經、聖傳（傳承）等方法的神學研究。 
election of pope	教宗選舉；選舉教宗教宗是由全體樞機選舉產生的。當選教宗者由於其本人接受合法選舉，同時已被祝聖為主教（大都已經是主教，否則，應立即祝聖為主教），而獲得教會完滿的、最高的權力（法典 332)。 
theology of liberation	解放神學；解救神學解放原是聖經的主要觀念，宣示天主如何解救祂的百姓。而解放神學是梵二後，在拉丁美洲針對殖民時期導致的普遍貧窮，所宣導的一種神學，鼓勵教友積極參加改造社會之神學理論，與救主基督一齊把世界由痛苦、迫害、罪惡中解救出來。 
simple vows	簡願；簡式誓願泛指一般後起（非古老）的修會所矢發的願，實質上與古老修會所矢發的顯願無異。 
ecclesiastical colo(u)r	教會慣用顏色。詳見 colors, liturgical 。 
Pentecostal Church	五旬節教會；神召會。詳見 Pentecostal Church 。 
internal forum	內庭；內心範圍；內在範圍指教會處理教友個人之良心問題；屬於良心道德範圍，如懷恨人，以聖化權可赦免之。 
ecclesiastical penalty	教會的懲（刑）罰又稱 penal sanction 。教會對領洗者的制裁或懲罰，共分三種 (1) 懲戒罰計有絕罰 excommunication 、禁罰 interdict 、停職罰 suspension 。 (2) 贖罪罰 expiatory penalties 。 (3) 預防罰 penal remedies 。 
the Rosary	 (1) 玫瑰經古代修士每日有誦念 50 首聖詠之習慣。中世紀聖母敬禮流行，修士用以獻給聖母，猶如壹串玫瑰花，故稱玫瑰經。一般教友不諳（拉丁文）聖詠，遂以 50 次聖母經代替，並以串珠計數，謂之（玫瑰）念珠 Beads 。念珠每串 53 小珠， 6 大珠及一苦像，每小珠念聖母經，大珠念天主經及聖三光榮頌，並默想耶穌及聖母之事蹟，每串又分歡喜、痛苦、榮福各五端，參閱 corona 。 Rosary 又稱 Rosarium 。 (2) 念珠念玫瑰經時計數之用。早期隱修士為虔誠理由，願意多念些經文，用卵石果核投入籃內計數，之後逐漸演變成今日多采多姿的念珠。 
